FwVersion,SampleSize,Seconds,Picoseconds,CentreFreq,Bandwidth,OffsetFreq,GainIF,GainRF,RefLevel
2.6.3,1024,1372096343,968619400000,2400000000,125000000.00,0.00,0.00,-30.00,33.00
20,4
8,-20
20,12
20,-20
-4,20
12,4
-16,12
-8,4
-16,-20
-4,-12
-12,-16
-24,0
12,20
24,24
0,20
12,12
-8,8
12,28
16,4
-16,-4
-16,-32
20,20
0,20
-12,-4
0,-4
24,-4
4,32
16,-16
-16,-16
0,12
0,-28
-16,-24
4,-4
0,16
20,4
-4,4
-8,32
-4,28
-4,-20
-4,0
4,8
24,-8
12,12
12,12
20,8
-4,0
16,-8
4,20
-16,-8
8,-36
24,12
20,0
4,12
4,0
20,-8
-32,4
-12,20
12,4
8,4
-16,0
12,8
4,-24
8,-4
-8,12
-12,-16
4,16
-4,0
-28,0
0,-4
20,0
0,-8
-12,-12
4,8
-20,4
16,20
12,-4
-12,0
0,0
-4,-16
-16,12
-12,8
4,-12
16,-12
24,-28
-4,4
-20,0
32,24
0,-8
16,16
-20,-8
0,12
24,8
0,-8
8,-4
8,12
0,-8
24,12
12,-16
-8,4
-16,16
8,20
-12,-12
-12,28
12,-4
8,28
4,12
12,-4
-4,12
-16,24
-4,8
-4,12
0,-16
-16,20
-8,-32
24,0
-4,12
0,8
0,-4
-28,32
-4,-12
-4,16
-16,4
-16,-12
20,8
16,32
0,-16
-8,4
-12,8
-16,12
4,32
20,-8
-8,32
12,-4
36,-4
-12,-4
4,12
-4,-4
-8,-4
20,8
-40,20
-4,-12
12,-4
0,-20
-12,12
8,16
-12,8
16,0
-12,-8
-16,-8
20,12
4,12
-16,-12
0,20
4,-28
12,4
-16,12
12,8
28,-4
-4,0
-12,0
24,-4
12,28
12,-20
4,-36
-8,4
24,-8
0,-16
8,4
4,0
-16,16
24,16
24,16
-4,-4
4,12
4,-4
-20,-12
12,8
12,4
8,4
20,20
12,4
12,-8
0,-4
-40,4
36,-20
-12,36
8,-8
4,-12
-12,0
24,40
8,8
20,0
-20,-8
0,-4
-8,16
12,-4
-8,4
-8,8
0,-12
-24,0
-20,4
-4,16
-32,-4
-4,4
8,16
-4,-8
-4,12
0,-8
20,48
-4,-8
-16,-4
-4,-4
12,12
12,0
8,-8
8,16
-8,12
12,8
4,4
0,24
0,8
-8,0
8,-20
0,24
12,4
-20,-24
4,4
-4,4
8,0
0,32
0,8
-8,16
20,-4
-8,16
4,16
8,4
4,-16
4,8
-4,4
-28,-12
0,0
12,0
32,24
28,12
0,-8
8,24
-8,-20
-24,12
28,8
-4,20
-12,20
-28,8
4,8
36,8
-24,-20
16,-8
-20,-12
-20,-12
-8,0
12,8
8,-16
-4,4
20,12
-4,-12
0,4
20,-8
-4,12
-8,8
4,20
16,-20
4,16
-16,0
24,28
8,16
0,-4
-8,-8
32,20
16,12
-24,16
16,32
0,0
12,-4
16,-8
-12,4
-16,28
20,12
8,-8
-4,20
16,-8
12,-8
-28,-4
4,12
0,-20
-12,-16
0,20
24,16
-16,28
-4,20
-8,16
12,28
20,-4
-16,-8
-4,-16
16,44
12,0
24,4
8,0
-12,16
12,-4
-16,-12
16,-20
8,-4
0,8
0,28
32,20
-8,0
0,32
-28,-20
16,8
24,-20
4,12
12,-20
24,4
4,20
8,-12
-4,-4
20,24
12,12
-4,0
-4,-4
12,28
12,0
4,-16
4,-16
-12,-16
-20,-8
-8,-4
16,8
8,-24
-16,20
16,36
20,12
-20,20
-20,0
-4,-4
-12,-4
24,20
-4,-16
20,20
-12,4
-4,-24
12,-24
12,24
0,-4
-4,-12
-12,-12
4,-16
-4,20
0,-4
36,8
24,-20
0,-16
32,-12
-20,-16
4,8
4,4
24,-4
-8,12
8,4
20,-4
-16,4
0,20
16,-4
-8,-24
-4,8
12,4
4,-4
4,8
-4,12
-12,0
-20,-28
-16,-8
8,20
8,8
8,4
4,24
4,-4
4,-12
-4,24
4,-12
4,4
0,-4
-4,0
-12,-16
-20,24
16,0
0,0
40,-8
-4,4
36,40
16,-8
4,-12
-20,4
-12,4
12,0
12,12
4,8
4,16
8,-4
8,-16
-4,-32
8,12
-4,-12
12,12
20,12
12,16
-52,0
-16,16
-4,24
-4,-8
16,4
-4,0
8,24
0,-24
-8,-8
12,16
-28,20
0,-12
4,0
-12,-16
20,8
12,-4
12,12
-12,12
-4,0
4,4
-28,4
16,12
4,-12
-8,0
16,16
8,0
-4,0
-16,0
4,-4
20,-4
4,-8
0,-4
20,20
4,-8
20,28
12,4
8,-20
-4,4
12,20
12,8
16,8
12,8
16,16
4,4
-4,-4
16,-16
16,0
4,0
-4,-16
20,-20
-4,0
-20,4
12,4
12,12
4,-12
12,24
4,12
24,-8
20,-4
20,24
-8,0
-12,4
40,20
20,-4
-20,-4
12,4
4,8
-4,-4
0,-4
-4,-4
-12,8
0,12
8,-4
4,8
4,0
28,-8
8,8
8,-4
-4,-8
-4,4
20,-8
-12,-4
0,4
0,8
-4,12
16,-20
24,8
12,12
16,-8
-12,16
-20,0
-4,-24
20,8
4,0
4,4
-12,-8
0,0
-8,0
12,4
-4,4
-4,4
24,-8
-8,28
-8,-20
0,0
4,32
-12,-4
12,16
4,4
0,8
20,8
-12,-8
16,16
0,24
-20,0
12,-20
16,-24
-20,-4
8,-12
28,16
-8,-4
4,0
-28,8
12,12
12,8
-16,-12
-4,8
16,0
-8,-8
24,24
24,-4
4,4
-12,12
-4,-16
12,24
-16,-8
-8,20
12,-16
-20,20
-28,-8
16,8
4,-12
16,-4
12,-24
0,-8
-4,0
12,16
-4,4
4,0
-12,12
40,4
4,-4
-4,-8
4,16
16,20
4,12
-24,28
32,-4
0,-8
-16,-20
16,12
16,-12
16,-12
12,4
-12,0
-4,0
0,20
-8,-20
4,-16
8,8
-20,16
4,-8
32,-12
-12,-4
8,8
8,20
12,8
8,24
20,8
16,-4
4,0
24,8
16,-12
0,-16
-16,16
-4,4
8,-24
-4,-16
8,8
12,12
16,0
-12,-28
4,-8
24,8
28,-16
4,-8
0,-4
-12,32
0,8
0,0
0,4
8,-16
4,-16
16,-8
24,8
-20,12
8,-20
-4,8
24,-8
4,-4
12,-4
-8,-4
4,12
8,0
0,-16
-8,4
8,16
12,16
-20,24
12,16
-4,-8
16,-12
12,-24
-4,-4
16,12
20,32
-12,0
-20,-4
28,-4
-8,0
8,-8
4,-8
-4,12
24,4
-4,16
16,-4
24,4
-8,0
-8,4
-12,-16
-12,0
-12,12
-16,-8
-4,-28
-12,0
20,8
-12,-24
36,20
-20,8
4,0
-16,4
4,0
4,-4
-20,-4
4,4
28,-4
-16,-4
-8,0
24,-28
-4,20
8,4
16,4
-16,12
16,-24
16,12
-8,8
12,8
24,0
-8,8
12,8
-12,-28
0,-12
28,-4
-4,-8
-12,-4
12,24
-12,-12
-20,0
16,-8
-4,-8
-12,20
0,-4
0,-40
16,-4
-16,-12
12,-24
-24,16
-4,-4
-28,-20
28,0
-16,12
4,4
24,-4
-24,0
-8,-12
8,-12
16,-16
16,8
-4,-8
12,-32
16,-8
12,4
-36,0
16,24
28,-12
4,0
-20,-28
0,4
4,-4
0,0
4,4
0,-20
24,8
8,-32
0,36
-4,4
28,-20
-8,-4
-24,12
0,12
-4,-28
0,12
16,-20
8,8
8,-20
16,4
-16,20
8,12
-4,12
8,20
8,4
16,0
0,8
12,8
20,4
12,-4
-16,0
16,4
-12,0
32,-4
0,-20
12,-4
4,36
8,-4
-4,-8
28,32
-12,16
-24,-28
4,32
8,-16
0,-8
16,-8
4,4
20,0
0,4
0,-4
4,-16
28,20
-24,44
28,36
-4,0
-8,44
8,-8
-12,0
4,4
4,-8
-8,12
12,-4
16,-12
4,-8
-8,-20
-4,8
12,4
4,16
-4,0
-20,-8
-4,4
8,8
12,-4
20,16
-8,4
-4,-24
-16,0
0,20
16,20
8,-4
20,-8
12,-4
32,4
4,0
16,4
-12,-20
-8,4
24,-16
0,0
-4,-12
20,-4
0,-12
0,-16
12,4
0,-4
-4,-24
8,-4
20,-4
-8,12
-16,-12
12,-4
4,12
16,8
-16,4
20,20
12,-24
-12,12
4,0
16,-4
-4,24
0,-8
20,-4
-20,-20
0,8
12,-16
8,-12
8,24
-16,-4
-4,4
-32,-24
-4,12
-4,0
-8,0
24,-16
20,12
-4,-16
8,-12
-4,-4
24,-4
-4,4
0,-16
8,20
-12,-4
-4,-12
-12,-4
20,-4
-20,4
16,8
-4,-16
0,20
-4,-8
-12,-8
0,-4
0,-4
16,16
16,0
0,0
0,12
-4,0
12,-40
-8,-24
-28,24
32,36
-8,16
0,24
16,12
16,-12
0,24
8,16
-4,12
32,-12
20,0
-8,24
12,-4
-20,8
12,-8
-28,-8
-16,8
-12,20
0,8
4,-4
-28,-4
16,0
-20,-20
-4,4
4,16
-20,12
8,0
-4,-4
-20,8
-16,-28
20,-4
-4,4
24,4
16,20
0,4
8,-4
-12,8
8,-12
8,0
0,4
0,-12
-12,28
0,12
-12,-8
0,4
-8,0
-8,16
-20,4
4,8
20,8
-16,-20
0,4
4,4
12,4
-12,4
-28,12
20,0
8,12
-12,-8
-12,-32
8,-4
4,24
4,4
20,4
-8,-8
16,8
-4,0
-8,-4
-4,-16
-12,12
-4,0
-4,-4
8,-8
-20,0
4,20
-4,-12
-4,12
8,8
16,0
24,-16
0,-20
-16,20
16,12
-12,-4
4,0
8,-16
4,12
0,12
-20,4
8,24
0,-32
-12,-16
-20,-4
8,0
8,12
4,-12
-8,-4
12,12
-4,-8
32,20
-4,12
-4,24
0,20
4,4
12,24
0,-4
12,24
0,-16
-8,8
-4,12
-12,-8
-16,8
0,4
0,24
-8,-16
20,8
28,8
-8,-12
12,12
4,-8
-4,-8
-4,-8
8,-12
-24,16
-4,0
4,-8
12,4
-20,0
28,8
-12,-4
52,28
0,-4
8,16
4,0
-20,0
-16,24
16,12
12,-4
-4,4
12,-4
-20,12
-12,12
12,0
12,-12
-4,16
-28,-4
32,-12
16,20
4,0
0,0
24,24
FwVersion,SampleSize,Seconds,Picoseconds,CentreFreq,Bandwidth,OffsetFreq,GainIF,GainRF,RefLevel
2.6.3,1024,1372096343,969513000000,2400000000,125000000.00,0.00,0.00,-30.00,33.00
-20,8
8,-20
-8,-4
-20,4
4,4
24,28
4,-16
-4,4
4,0
-12,-12
-36,8
16,32
8,-12
-12,4
-12,8
32,-12
0,4
-4,-4
12,0
12,8
8,-4
4,0
-8,4
4,16
12,-24
0,-4
8,-4
-16,-8
0,-4
12,-12
12,16
16,4
0,4
20,16
8,-12
4,-24
16,-12
8,-8
4,16
16,12
8,-4
-20,32
0,-4
0,8
20,-36
12,12
16,-4
4,-32
16,-12
-12,-28
16,0
24,0
4,-32
-4,12
-12,-16
36,-16
-20,-8
12,-16
16,-12
0,16
-16,8
-4,0
4,-16
8,36
0,12
-4,16
-16,-4
-4,0
8,36
8,0
4,-4
-12,12
28,-4
4,-4
20,24
0,-12
4,4
12,-4
-12,12
4,-12
-12,16
-4,16
12,-20
-24,16
-20,8
24,-16
20,-16
-4,-4
-12,16
20,12
28,-4
-12,-8
-24,8
24,-4
-8,-4
4,-4
-12,8
-8,-24
16,-8
4,-24
-8,-8
4,0
4,-4
0,4
8,4
-12,36
-4,16
-4,-12
20,20
28,16
16,-8
-8,-8
-12,-32
-8,16
0,-4
-8,20
-12,0
-8,4
16,16
-8,16
16,-4
4,0
12,-8
-12,-12
-4,16
4,8
-24,12
-4,8
20,-20
4,8
12,0
4,0
4,-20
20,16
12,4
4,24
12,20
12,-8
-16,16
0,4
16,-8
16,0
12,8
-16,-12
-16,0
12,-8
4,16
4,-16
-12,4
-16,-8
16,-4
-20,8
0,8
12,12
-24,20
0,0
36,16
-4,0
0,-12
-8,4
-16,12
0,16
-12,-8
8,-4
0,0
-24,-20
4,-16
16,32
-12,44
20,-4
-4,8
-8,-8
-16,0
-16,20
20,-12
20,-4
8,0
4,-16
-16,0
4,4
12,12
16,20
24,4
-12,8
-32,8
8,-4
-32,16
0,-12
-4,8
16,-28
12,-16
20,12
-12,0
28,-20
0,4
-12,4
-4,8
-32,-4
0,-20
-8,24
-16,12
32,-20
4,-12
4,16
0,-8
0,-24
0,-8
8,-32
12,28
4,8
-8,-8
28,0
4,0
4,8
-8,-24
4,8
36,-24
12,0
36,-12
4,8
24,-8
12,-8
-28,16
24,-8
-20,16
0,12
0,0
8,4
4,16
12,-28
8,4
8,16
12,20
-8,-8
-4,4
-12,12
0,20
-4,-4
-20,-8
4,36
8,4
4,-16
4,12
20,12
-4,12
8,-4
4,8
8,4
4,-12
-8,8
-12,-12
24,-8
-4,0
24,0
-8,8
-20,24
8,16
12,16
-20,4
28,-24
4,-24
24,4
-4,20
-8,4
16,-8
4,-8
16,32
8,8
-4,4
24,-16
8,12
20,-4
-20,-4
8,8
8,4
16,-12
-4,20
16,8
20,0
-8,-32
32,12
20,-8
-16,-16
-12,-36
-16,-8
12,-4
0,0
-20,-4
0,-4
8,-4
-12,44
-24,-8
20,-40
4,20
32,28
-8,-16
4,0
0,4
24,0
20,-32
8,8
-8,-8
4,-8
16,0
-12,-4
20,12
44,-24
16,12
-4,-8
-12,12
-8,-16
20,4
-16,8
8,8
-12,8
16,-12
-4,4
20,4
4,-16
12,-4
4,4
4,20
0,-12
-20,0
-8,20
-12,28
-12,12
20,-16
-16,-20
16,-12
-4,-4
-4,12
4,36
-8,4
20,-4
-4,-12
-8,-4
12,8
8,12
8,4
4,12
8,24
-32,-4
8,4
12,16
16,12
16,8
16,0
-16,-8
-16,32
4,12
4,0
-4,-12
32,24
-28,0
8,4
4,0
-8,-12
4,-12
-20,0
4,-28
-4,-4
-8,12
-12,-8
-4,16
-24,-12
0,-16
16,16
0,4
-12,12
-4,8
-12,20
-24,20
-4,-8
12,0
16,-12
-4,20
-8,-12
-32,0
-4,4
12,8
-24,12
0,8
0,0
4,8
8,20
4,8
-8,-12
16,16
-12,4
8,4
4,8
4,12
0,20
8,8
8,-24
28,-4
-20,8
-12,8
-12,12
20,-4
-4,4
-4,4
8,-8
4,8
20,8
-12,0
4,-24
-16,8
0,28
20,-12
-12,8
12,0
4,-4
-16,-20
8,8
4,-20
-12,-20
8,-16
12,-8
8,-12
0,4
0,8
-4,12
0,0
0,-4
-8,-20
0,-8
0,4
-4,-12
-8,4
-12,-4
-12,8
4,0
-24,-8
-4,-4
-12,0
16,-24
28,24
-8,-8
12,12
-8,32
-20,-8
-20,4
36,-4
-4,0
-20,-4
0,4
0,-4
20,-20
0,12
-20,4
-16,36
0,4
-4,20
-4,-20
-16,-4
24,4
-8,-20
8,20
-12,-24
12,-4
28,-4
8,8
12,-20
-16,28
-20,0
-16,4
12,-4
4,4
-16,20
-4,8
20,-20
-8,-4
-16,40
12,20
-16,28
-4,0
0,24
20,8
-4,8
12,-4
12,4
-4,-16
12,8
0,-4
20,24
-4,8
-4,-12
-4,4
-12,-4
-8,8
8,12
-8,4
12,-8
24,16
36,0
0,0
-12,4
-8,8
12,8
12,28
12,16
8,-40
-24,-4
12,12
-4,-4
-32,-12
28,16
8,-20
16,0
-8,-4
4,-8
-4,32
8,28
0,0
8,32
-12,24
-24,20
24,4
12,0
-12,12
-4,8
12,4
-4,-16
0,32
8,8
-4,-4
12,-16
4,-4
8,12
-12,-32
4,-8
24,-40
-4,24
-8,0
8,4
16,-12
16,-8
-8,20
0,4
8,20
0,0
24,-20
16,8
-16,8
4,8
16,-16
-20,-4
12,16
4,-8
-24,-8
-4,8
20,8
36,-8
0,8
-4,8
-12,0
-16,12
-8,28
12,16
-8,16
-20,0
-24,-12
-16,0
8,-8
-4,0
0,16
-4,-16
20,-12
0,-16
12,8
-12,28
-20,-40
4,-8
-12,24
-16,4
28,12
-4,-12
-32,8
-4,8
8,-12
0,32
-12,28
0,12
-4,4
-8,-16
-20,-8
-4,4
4,4
0,-12
16,24
0,-16
-12,4
16,8
28,8
0,16
0,12
-12,-8
0,16
24,4
-28,8
4,0
-4,-8
-12,4
-8,8
-12,12
-20,20
20,-4
8,-16
-8,20
-24,-20
-4,-16
-8,0
20,-16
8,16
-16,-8
12,-20
16,0
0,0
8,8
4,-4
4,20
16,36
8,4
20,16
-32,-20
-4,8
-12,-20
-12,24
-4,40
-16,0
-4,8
-20,12
48,-20
-16,-4
-8,-12
-8,-4
8,28
0,-4
-8,4
-12,-16
-8,-36
4,-4
16,4
-4,4
-12,-12
16,-24
-20,20
-24,-16
12,36
8,24
-20,-16
-4,-4
4,28
-16,-8
4,0
20,16
12,-20
4,12
4,-8
4,4
20,8
32,-16
12,-16
-12,4
4,0
-8,0
-4,0
-8,24
28,4
16,16
0,-12
8,-4
-4,4
-8,4
20,16
-12,16
12,0
-20,-8
12,0
-4,20
8,0
20,0
8,-12
-24,8
32,8
-20,-24
-20,4
8,0
8,-8
-16,12
12,4
12,0
4,-8
-16,-4
-8,4
4,8
20,48
-8,4
4,4
12,-12
16,-16
32,-20
0,12
-4,8
28,-16
16,0
-16,-12
-16,8
16,-24
20,4
12,-12
-16,12
12,-20
-8,8
-16,-12
8,12
4,-8
-16,-12
-32,-4
4,24
28,0
-4,24
-4,-4
-12,12
8,-28
-4,-4
0,-4
0,8
4,20
0,36
12,-4
-24,-12
4,24
8,12
12,0
-8,0
28,16
12,20
8,-12
12,8
-8,28
-4,24
4,4
16,4
-4,16
-16,-8
0,0
-20,16
-4,8
8,0
20,16
-16,8
8,-4
8,0
-12,-12
-8,-12
4,12
-4,-12
4,4
0,-4
20,0
0,16
4,8
24,4
12,-12
8,16
-12,8
4,-24
16,8
-12,16
12,12
8,-24
-4,-20
-12,12
-12,12
12,-4
20,8
-8,16
16,8
8,-8
8,4
0,0
8,-12
12,20
-16,24
-20,4
0,36
8,0
-8,-44
-12,16
0,-12
-36,16
24,16
8,4
-8,-16
-4,-4
20,0
8,32
4,12
-12,0
28,24
16,-4
-20,4
16,-24
-4,-4
-4,-8
32,-24
-28,16
4,8
-20,12
16,8
0,12
16,12
-8,-12
0,0
8,20
-4,20
-4,-8
-16,20
-20,-16
-12,8
8,-4
0,-16
-20,-4
8,0
-8,-12
4,-4
4,8
12,-4
4,4
-12,16
-4,8
0,-8
-16,-4
-4,0
0,4
24,-12
-16,28
8,-44
-36,4
16,-8
-28,8
8,4
-12,-16
-20,0
24,4
4,-4
-12,0
-20,-8
-12,-8
-24,4
12,0
0,-8
-12,4
16,-12
4,-24
8,4
-20,-16
-16,12
-8,16
4,-12
8,12
-16,0
-16,0
16,-12
4,-12
-4,32
-4,8
-4,16
-4,-8
20,-12
-16,36
-4,16
28,-36
-24,-12
4,0
-12,4
8,-12
0,-4
-4,-20
-4,0
12,-12
-4,4
-16,-16
4,-12
-12,-4
0,20
8,4
-8,-24
-16,0
-4,20
-4,-12
-8,8
-24,0
12,-4
4,16
-16,12
4,4
32,8
4,8
12,8
16,4
-12,12
0,16
16,-16
-12,8
4,4
0,4
12,8
-8,4
4,-8
4,20
8,0
-4,12
-16,-4
-4,16
4,20
-8,-4
-4,-24
8,-16
20,-4
4,8
8,-12
-12,8
12,20
4,0
12,4
16,-20
16,-20
8,8
24,8
-20,-20
4,0
0,12
-4,-4
-8,4
-12,-24
-4,28
8,20
32,0
-4,-16
4,-8
4,-12
12,-16
-8,4
-16,12
-28,-16
24,0
0,-4
24,-8
-8,-8
32,-8
4,8
-16,12
16,-4
-8,-16
12,-24
4,8
-4,20
16,16
16,4
4,4
16,28
-12,12
-28,-20
12,16
0,-16
-20,0
24,12
-4,0
8,8
8,4
-16,8
-24,-20
4,20
16,8
-4,-12
-8,24
28,-20
-28,4
-24,-12
28,0
0,20
-16,24
20,-16
-4,8
0,0
12,-8
28,8
0,-20
-4,4
8,-4
8,0
-8,4
-20,0
12,-4
4,0
16,24
24,0
16,0
0,-4
0,-4
24,0
8,8
12,-4
28,4
0,-8
-8,16
4,4
-8,-8
12,12
36,-8
12,20
0,-16
0,8
16,0
4,8
4,8
-20,-8
4,-12
28,16
4,-12
FwVersion,SampleSize,Seconds,Picoseconds,CentreFreq,Bandwidth,OffsetFreq,GainIF,GainRF,RefLevel
2.6.3,1024,1372096343,970476600000,2400000000,125000000.00,0.00,0.00,-30.00,33.00
4,-20
-8,20
0,0
4,-4
8,8
16,12
-12,4
8,16
8,0
-16,0
8,4
-16,16
4,4
28,0
-8,-4
28,0
0,20
4,8
16,8
0,-12
-20,0
-8,-8
4,0
-16,8
16,24
-20,12
0,-16
-8,4
12,4
-12,-4
8,16
44,16
-4,16
-20,20
-4,-12
4,-28
20,0
-8,4
-8,12
8,8
28,0
-16,-8
8,4
8,24
-16,-16
-16,4
4,20
-20,-8
-8,0
12,36
8,16
4,-4
-8,0
24,4
-12,8
-16,-4
-4,12
36,-12
4,0
-4,16
-4,-8
20,-12
28,8
24,-12
-8,16
12,16
-4,-8
-4,8
4,8
-12,4
-20,-20
24,16
20,-12
-4,28
-4,-4
-20,-8
0,-4
0,16
4,8
16,-4
8,12
4,-8
20,8
-24,-24
-20,4
-4,-24
-4,20
0,-8
12,-20
0,28
4,-16
-12,-28
-8,32
4,4
0,28
4,20
-8,-4
-12,0
-16,0
8,4
4,16
20,-32
-4,4
-8,-20
20,20
-16,8
8,12
4,16
16,-24
24,-12
-28,40
12,20
16,8
0,4
-12,24
16,-16
24,-16
8,-20
0,-4
24,8
-24,-4
12,0
-8,8
4,-16
20,-8
20,-20
0,-8
-4,16
-4,28
8,-20
-12,-8
8,-4
4,4
-16,0
-16,12
8,-4
-24,-4
20,-8
12,12
-12,-12
8,16
4,-4
4,0
12,-8
0,-16
-12,4
8,-8
-8,20
24,-36
8,4
-8,8
16,-12
8,-24
-12,16
-12,0
16,12
-8,0
0,20
12,-24
0,-16
0,12
-12,-4
-16,-4
-8,-8
0,12
36,-4
-12,20
0,-8
-12,8
-20,8
12,-8
24,-16
-12,-8
-20,-24
28,4
16,4
-8,8
16,-20
-16,-12
24,8
0,8
8,40
-24,-12
-12,-20
28,20
-8,-8
-12,-8
12,0
20,-8
8,4
-8,4
16,24
-8,4
-24,4
12,16
0,-16
20,12
-8,4
16,12
16,8
0,-16
16,4
0,4
0,8
-24,8
16,20
4,-16
-12,-8
0,12
4,12
-16,20
0,-4
-12,0
8,8
-8,8
8,4
20,-8
-20,0
12,16
32,20
0,-4
-4,20
12,-12
0,20
4,40
8,-4
-32,-36
16,-12
0,-12
36,-8
16,-8
0,12
4,12
12,16
24,4
8,-12
20,0
16,4
-20,8
28,-16
4,4
-16,12
-12,20
-16,16
8,0
-8,8
4,-8
16,20
-8,-20
4,16
-28,-8
32,8
0,8
-20,16
24,8
16,12
8,-20
24,-12
8,12
4,28
12,20
12,-12
-20,12
12,-8
24,-4
-4,20
-12,-20
4,16
28,-28
12,16
28,0
4,20
-16,-12
4,0
8,-20
4,-8
-4,-4
4,-16
8,28
-24,0
-20,-8
4,12
-8,16
0,8
4,-12
8,24
-8,20
-4,-8
-12,-8
0,-8
8,-4
-8,-12
-28,-4
-4,28
24,4
12,-44
-12,20
36,-4
20,-4
-16,0
-8,-8
20,8
4,12
24,4
20,12
4,12
0,-12
12,-36
-16,24
4,-8
0,16
4,-4
8,20
12,4
12,4
8,-12
12,12
4,12
0,-20
-12,12
-24,8
16,-20
20,-16
-12,16
-36,28
28,-8
-8,-20
0,8
4,-12
0,12
8,0
8,-8
-8,8
4,12
16,-8
-8,36
-8,-12
0,12
20,12
16,0
-4,4
0,0
-4,0
-8,-8
-20,24
12,-20
-8,-8
-4,16
8,8
-4,0
20,4
-4,-24
-12,4
24,-8
-28,16
-8,28
-8,12
0,16
20,24
-20,-8
16,-20
40,12
-20,4
16,-12
4,-12
-4,-12
12,20
20,12
-16,8
12,-16
0,4
-4,-4
-4,-28
-12,-8
4,12
8,36
24,4
-8,-16
0,12
8,12
0,0
-12,4
4,4
0,-4
16,4
12,0
4,4
8,-8
-12,0
0,24
4,-12
-8,-12
-12,-4
4,16
0,-8
-4,8
12,0
20,16
-4,-24
-8,12
16,-8
8,-20
-12,-12
-12,8
-28,8
-4,0
16,32
-24,-4
8,-12
-8,0
-4,-12
12,-8
-8,-20
0,-20
8,-8
4,-8
0,-12
20,4
0,16
-20,-24
8,-16
-8,-12
0,-32
12,-24
-8,28
4,8
12,-16
-16,12
-16,8
20,-8
-24,12
4,44
0,-4
-8,12
16,20
-16,0
4,4
32,4
8,-8
4,32
8,8
12,12
-8,12
-20,8
16,24
0,8
20,-40
-4,24
-20,-8
-24,16
8,4
-12,8
-8,12
16,20
-8,4
20,8
4,28
4,-8
8,-28
8,8
28,16
8,-4
4,4
-20,12
16,0
4,0
28,-8
20,0
12,24
24,8
-4,-12
-4,20
20,0
-20,-4
8,16
0,0
24,12
4,-12
-4,-4
-12,12
0,-36
16,12
12,24
12,-8
-32,-4
-4,-16
16,4
-16,0
-20,-20
16,36
-16,-4
-8,20
16,4
16,-44
-8,-8
-4,-20
24,-8
-4,-4
-8,0
-4,4
12,-8
0,-16
0,24
16,12
-12,-4
-4,-8
20,16
-4,-20
4,-16
0,0
-12,-20
-12,44
-28,-32
0,0
-4,-12
-16,8
12,24
0,-4
20,16
-8,0
24,-20
-16,16
-4,0
0,12
4,4
8,-8
-20,-12
-4,28
16,-16
8,-36
32,0
-8,12
20,-12
12,12
-12,16
0,24
12,28
8,4
-12,4
8,-16
4,20
-4,4
16,-4
-20,0
0,-8
-4,-12
-4,0
-20,-8
-12,-24
-8,20
20,4
-4,0
-8,12
4,-20
0,8
0,-12
0,24
-20,4
20,-4
-8,-16
-8,-16
-12,-4
-8,4
-12,-4
-32,-12
0,0
4,24
-4,-24
8,4
-12,12
28,8
-8,-28
16,16
12,-24
-16,40
-4,20
4,16
4,0
16,-16
4,0
20,12
-12,4
-12,24
20,-20
20,4
0,8
28,20
8,0
8,0
-8,-4
24,36
0,12
-12,-28
0,4
12,12
8,-16
12,4
52,20
-20,4
-12,16
12,32
20,-4
-4,12
-8,4
-8,8
16,-4
20,12
-4,0
4,8
-4,-12
4,8
0,16
0,12
0,-8
-4,-12
8,0
0,-12
0,8
12,4
-4,-12
24,8
-16,-8
20,-16
-4,-8
-4,20
0,20
-12,20
0,32
16,-8
0,-20
12,24
0,-12
24,8
-20,52
0,-4
16,-8
12,0
4,-4
-12,-4
20,4
-4,8
-4,-24
8,12
12,-12
-4,4
-16,-4
0,4
-12,16
-16,0
-4,0
12,24
-12,-8
24,8
-4,0
-12,0
-4,12
28,20
-8,12
-20,-24
-12,-12
-4,8
-12,-8
-4,-8
-12,-12
-16,8
-16,-4
16,4
0,4
0,8
24,-28
0,4
-12,-4
-36,4
40,-24
12,0
0,12
24,-8
-20,12
8,-24
24,-8
0,24
4,-4
0,8
-8,12
12,-4
4,-24
-4,4
0,28
-12,0
0,-12
-4,8
-8,-16
-32,8
4,8
-8,24
20,8
-4,4
4,16
-8,-20
-8,-4
-4,-4
-16,-20
12,4
16,-36
8,4
24,32
0,8
-4,16
12,-12
-12,12
12,16
-4,4
-12,24
-4,-8
20,4
8,-20
16,4
12,0
4,-8
4,20
4,-12
4,-8
-8,4
4,12
-24,20
-16,-20
0,-4
20,0
4,24
8,-4
-12,-12
-20,12
28,-8
32,-16
12,28
16,0
8,-4
0,4
4,0
-4,20
8,-8
-16,8
4,4
20,-12
-8,20
0,-20
4,-4
0,0
20,-8
-8,-4
12,16
4,8
8,-8
8,12
32,4
0,-32
4,0
20,0
12,0
16,0
-32,12
-16,-8
-8,-8
0,8
-24,16
-12,-16
0,0
12,-20
8,64
-4,20
8,16
8,12
32,4
12,0
8,0
4,8
0,8
8,-4
16,12
0,-4
24,-32
16,-12
8,12
-4,-8
0,4
-12,-36
-8,4
-4,-16
0,-12
8,4
12,-8
-4,4
-4,-12
8,-4
12,-32
4,-8
-8,4
-24,4
28,-12
4,4
8,0
-4,16
4,36
16,-24
12,0
-12,20
-24,4
-16,-16
0,-8
4,-4
-16,0
4,12
-4,12
8,8
0,-20
0,0
-4,20
20,32
8,16
-12,20
8,-4
20,-16
-8,-4
0,0
16,-28
16,-16
-4,4
20,12
40,4
-8,4
-8,-4
-4,0
-20,-24
-8,24
20,-24
12,4
16,8
16,32
4,12
20,-12
-16,-4
16,-4
4,-16
-8,12
16,0
8,-16
0,24
16,24
-8,4
16,-4
-20,-8
16,16
4,-8
12,12
4,-8
8,-4
4,0
-12,-8
16,20
16,-4
-28,-24
4,8
-12,-8
28,0
8,-24
8,16
24,8
0,12
0,20
-4,-8
-16,24
20,12
16,4
8,16
12,0
16,12
0,8
0,-12
0,4
28,-4
-16,4
-4,8
-12,20
-4,16
-8,20
36,-16
4,20
-4,20
20,8
4,8
12,16
20,-4
-4,4
8,-16
4,-48
20,20
-16,12
-12,-12
36,-8
16,-4
16,-4
0,0
4,-16
4,-4
12,-32
12,0
20,-4
0,-12
12,0
4,-24
-8,12
0,-4
24,0
-12,-16
-12,-32
-8,8
4,8
20,4
12,-24
20,-8
12,8
0,4
8,4
-24,0
-8,-4
4,4
32,4
-12,4
16,8
-12,-8
28,-16
0,0
-16,16
8,16
0,4
0,-12
-12,0
8,24
-4,-8
-8,8
8,12
-16,4
20,16
-28,12
-28,-4
16,-8
4,8
-20,-16
16,-20
-12,-4
4,-12
12,4
0,20
0,8
4,-16
-8,-8
4,-12
12,-32
12,0
0,-12
-8,16
8,-8
0,16
-16,12
4,-28
0,8
20,0
-24,-20
0,-24
0,24
16,-16
-16,12
20,-24
16,0
-8,0
-12,4
4,0
-12,-4
16,16
12,12
-4,-8
8,20
8,12
4,-4
-4,-24
12,20
16,16
-4,-4
4,-16
-4,-4
-4,-4
0,-20
20,-4
-12,4
-8,-4
-20,-16
-4,4
-8,8
4,12
8,-4
8,12
8,12
-8,20
12,20
32,0
4,16
12,-8
-8,0
12,-12
4,36
20,-16
-8,-12
-8,0
8,16
-4,-16
12,0
-16,16
4,4
-20,4
36,-20
8,16
-32,8
32,0
4,20
FwVersion,SampleSize,Seconds,Picoseconds,CentreFreq,Bandwidth,OffsetFreq,GainIF,GainRF,RefLevel
2.6.3,1024,1372096343,971476500000,2400000000,125000000.00,0.00,0.00,-30.00,33.00
-8,4
-4,4
16,16
-4,4
4,4
-4,4
-4,4
8,0
20,28
-4,0
4,12
20,-12
20,-12
-36,0
-12,0
-16,12
4,-8
-12,-4
8,20
4,16
-12,0
4,4
20,28
-4,20
12,0
8,12
-8,-8
-20,-16
20,-4
4,8
4,16
0,-20
28,0
-12,4
8,0
4,-4
8,-8
-28,-4
4,-16
20,-8
-16,-12
8,4
4,-4
-8,24
12,16
8,-20
-4,4
-32,16
0,24
0,8
12,-8
4,-4
-8,24
12,12
16,-8
0,-4
-8,4
4,-32
0,0
16,24
-4,-16
4,28
-12,-28
4,-8
8,0
8,-8
-16,-28
-4,16
16,-4
-24,0
-8,24
12,-12
12,-24
32,20
12,0
8,12
12,4
20,0
-8,-4
4,0
-8,0
-24,8
12,8
-4,20
4,-8
0,-16
-12,36
8,4
48,-4
4,-4
-16,-4
0,-12
0,8
8,0
-8,16
20,0
16,-16
8,-4
-20,-8
8,-24
-4,4
12,-20
-8,-20
32,8
4,0
-4,-12
-8,4
-4,8
16,-12
0,32
0,-4
-28,-24
0,0
20,8
-12,0
0,4
-12,16
20,-12
4,-4
-16,-16
36,-4
-16,12
0,-16
8,16
12,-20
-4,-16
-20,12
16,-4
0,-4
-12,0
8,-8
12,12
-8,28
8,8
0,4
0,12
-28,-8
0,-4
-4,-8
-24,4
0,0
-4,8
-12,16
0,0
12,4
-8,-4
0,20
12,-12
4,12
12,-12
4,-4
-12,-8
-24,0
4,20
4,0
8,-12
24,8
0,16
-12,0
4,-24
-4,-12
12,4
-12,-4
0,-16
-12,4
0,-16
-8,32
8,0
20,-4
0,12
0,-20
-36,36
-12,-8
0,-24
-4,4
24,-12
-12,20
-8,-8
20,-12
0,4
-12,-4
-16,4
4,-12
4,-12
12,12
-24,-20
4,-16
-8,32
-4,32
24,-16
-8,4
0,16
0,32
-4,-8
4,12
8,12
0,-4
0,4
-20,4
4,8
8,16
-4,-24
20,16
12,16
-20,4
24,-16
16,24
4,0
-4,-16
-8,-4
8,-4
16,16
-16,-28
0,20
12,16
-16,8
4,0
16,8
0,16
20,16
-32,20
4,-16
16,4
-8,-12
12,0
8,24
-24,-12
-8,0
28,20
4,-20
8,16
-8,24
12,-4
-4,20
24,-16
8,-4
-16,8
8,-16
8,12
-8,32
-24,-16
-16,8
16,-20
16,-16
-4,4
4,16
-12,-8
-24,-12
8,12
4,-4
8,-4
-8,-4
12,28
24,0
-16,-16
0,12
28,8
-28,0
4,4
20,-8
-40,0
16,-8
-16,-4
-20,12
-8,-4
4,28
16,8
-12,-4
-8,8
-20,8
-8,4
12,-20
-4,20
8,12
-4,8
-8,-4
-4,-4
-4,4
-4,-12
0,-8
4,-12
-16,12
4,-8
8,0
0,-4
-12,16
12,0
-4,-4
0,20
-8,16
-4,-8
0,0
-4,16
-32,12
16,8
0,40
-12,-12
0,8
4,-4
-16,-12
-4,24
8,16
20,-8
-4,-12
0,-16
0,-12
-12,12
8,20
-8,-4
0,-4
-8,12
0,-40
4,0
-8,36
4,-36
-12,-4
16,16
-20,0
20,-32
0,8
-4,20
0,16
8,4
12,-8
0,-4
0,12
24,4
-12,8
-8,-4
20,16
16,4
4,4
-20,4
20,-24
0,28
8,12
8,-20
-8,8
-12,4
-24,12
20,8
4,0
-20,8
4,12
-16,12
4,-12
8,4
-20,-16
4,0
4,-4
-8,32
0,0
20,-16
-4,12
12,20
12,12
-4,8
20,20
8,-8
8,-20
16,-8
-24,16
12,16
-40,-4
4,-4
-12,-4
-28,-12
12,4
-20,0
4,8
8,16
-20,-12
36,8
-4,-8
-4,16
12,8
8,-4
12,0
4,-16
-12,-12
-16,-12
20,-4
0,16
-8,4
12,16
0,-4
8,-12
-8,-4
-24,-12
-12,8
-16,8
-16,-24
-16,0
36,0
12,-20
20,-32
-16,24
16,16
4,-4
8,12
-4,-4
-8,-8
8,-12
-12,-8
12,8
0,-8
-4,0
16,0
4,0
0,8
24,0
-4,40
12,-20
16,-4
0,-24
8,8
8,8
-8,8
-4,0
-12,8
16,0
0,-12
0,4
-4,20
-8,0
-4,-24
4,-12
16,28
8,12
-16,-8
24,-8
-12,8
16,-20
-16,0
8,20
4,8
12,-12
8,-8
-24,4
-8,-12
-16,-12
20,20
-16,8
0,16
-28,-24
-4,-12
-28,-12
16,4
-4,8
-12,-4
0,4
-8,-4
0,8
12,20
8,-16
-8,16
20,-48
-8,-4
-8,-4
-4,8
0,-12
16,-16
28,12
0,-4
16,24
8,-32
36,-4
-4,20
-12,-12
0,16
-8,24
16,-24
8,4
-24,-12
20,4
4,-8
-28,4
-8,20
12,-12
8,8
-8,12
8,-40
-8,-8
0,8
0,-8
-12,20
12,-24
0,28
-8,-20
0,4
24,28
4,-16
0,0
4,4
-20,-20
20,-28
-4,-8
16,12
-16,16
-8,16
8,-4
-24,-32
-4,-20
8,-4
-12,-8
40,4
12,-8
-20,16
16,0
-4,12
-8,0
20,-4
24,8
-16,4
-4,-8
12,-8
-8,12
8,-20
-4,-4
12,12
-8,-16
16,8
44,0
8,-28
12,0
8,-16
-4,20
12,16
16,8
12,4
8,16
16,8
24,8
-12,0
0,4
-4,-8
-12,12
4,-16
-12,4
36,4
0,0
12,12
-12,0
-8,8
4,20
16,20
-4,-4
-4,-8
4,-8
0,-12
16,-8
-20,-4
-4,0
28,-28
-4,8
8,0
8,-4
8,-8
12,8
4,20
-4,0
-4,-12
0,12
12,4
24,-12
-12,-8
16,-12
12,-8
-16,-4
-4,4
32,20
-12,28
8,-8
24,-12
-8,8
20,-16
12,-8
-4,-8
8,-4
8,24
16,0
0,-8
16,4
4,12
16,12
-24,4
20,-20
-4,-16
-12,8
-20,12
8,4
8,-12
-20,4
-12,4
24,24
4,20
-28,-12
0,0
28,8
-12,-4
-8,-4
-24,32
-8,-16
0,28
16,0
-4,-12
-4,-4
4,28
16,12
4,12
-16,0
12,-4
4,12
-8,0
16,12
-20,8
12,-16
4,-4
4,4
-28,4
-8,12
24,0
28,8
16,-32
0,0
12,-16
32,8
0,8
28,-12
12,8
24,8
-8,20
-16,-12
4,-20
28,8
12,-8
-8,4
8,-16
-4,0
12,0
4,4
-12,4
-4,28
12,8
0,-4
4,8
-4,24
16,-16
12,4
20,20
-16,8
-12,24
-12,-4
8,4
0,-4
0,8
-32,-4
-8,-8
16,-4
-16,4
-20,8
12,4
12,4
-32,12
-20,16
0,4
4,8
-24,-8
0,-8
4,4
-8,12
-8,8
24,16
-16,0
20,8
12,-12
-4,-12
-24,-16
4,12
4,-16
16,8
16,20
12,-12
16,-20
8,0
-8,-8
24,8
-8,0
4,4
20,16
-8,0
-12,8
-8,-4
20,-12
8,0
8,-4
-16,0
16,8
24,8
8,12
24,0
-4,12
16,-32
-4,8
-16,-8
-4,4
24,4
28,4
0,0
16,-8
4,20
8,0
20,16
4,-4
12,8
16,20
-28,24
4,8
8,24
20,-4
36,12
-16,-12
16,8
4,-12
32,0
12,4
0,8
4,-8
28,4
12,-4
-20,4
-12,-8
16,8
-8,4
-8,4
12,0
36,20
-12,20
-12,4
12,-4
16,-12
-24,-8
20,24
0,0
-12,-20
0,4
-12,-12
0,12
-4,-8
4,32
0,-16
-20,36
12,20
-4,16
12,4
-8,12
24,12
-8,0
8,-16
0,24
12,16
36,8
4,-12
16,20
-24,12
16,-4
-4,16
4,12
36,-12
-32,-4
12,24
0,16
-4,4
-8,0
16,-24
8,-12
16,-8
-8,8
12,4
4,-4
4,12
-4,24
20,8
8,0
4,16
28,-20
4,24
16,12
4,8
4,4
0,-4
32,8
32,-12
4,-24
0,4
8,-12
-12,12
24,-4
4,24
-16,12
-8,-16
4,4
-4,0
36,-20
-12,-16
8,0
-20,4
32,12
-20,12
-12,8
8,-12
0,28
-8,8
12,-4
12,16
-12,-16
8,-8
12,12
-28,40
20,-20
0,4
-4,8
-28,4
-8,-8
-12,12
20,-4
12,32
4,4
24,-20
-16,12
24,16
-4,28
-8,-16
-8,20
32,12
8,-12
0,8
20,4
-8,-4
8,16
-12,20
16,0
28,16
16,-4
28,8
0,4
-4,0
4,16
24,-4
-8,12
20,0
-4,8
-8,0
24,32
-12,0
8,8
8,4
8,16
-8,-28
24,4
12,-12
12,0
-20,-12
-12,12
12,0
12,-4
20,36
-12,-16
-20,12
16,-24
4,12
4,-4
0,12
8,0
-16,24
20,16
24,8
-8,-28
0,16
0,-8
-8,8
32,-12
20,-4
0,0
4,-12
12,8
-4,-24
16,-4
0,12
-12,-4
-8,8
8,-8
0,-8
-24,-16
-4,20
16,4
0,4
-16,-8
-4,8
8,-4
-8,-8
20,0
-16,-4
-12,-12
-8,-8
8,-12
20,12
-4,-8
24,0
28,-8
-20,4
-28,20
20,-16
-4,-12
0,8
36,-8
-20,-4
0,-12
16,-12
4,28
-8,-12
12,24
28,8
-4,8
-16,4
24,8
8,-8
8,0
-8,4
-4,-24
12,28
-4,8
16,0
4,-24
-8,12
8,-16
-12,-4
12,-4
-12,-36
12,16
-4,8
-12,-8
8,-4
-12,-8
-4,-8
32,-16
4,-4
4,0
16,-16
0,4
12,4
24,-4
0,-20
-12,24
8,4
16,20
0,12
-28,-4
-4,-4
-4,-4
-4,0
8,-16
12,8
4,8
-4,4
0,24
8,-16
0,0
4,8
-28,-4
0,0
12,20
16,4
-8,-12
8,-8
-8,0
8,-16
-4,8
-12,0
-12,-12
20,24
-12,-4
-16,0
-24,-12
12,4
-12,-12
24,8
-12,28
4,-44
-24,16
4,8
8,12
20,12
4,16
-4,-4
-8,-4
-12,8
4,-16
12,-40
-12,0
-16,16
4,16
8,-20
20,-20
-4,24
4,12
-12,8
-4,16
12,24
-20,16
12,0
0,-16
-20,-8
0,-20
36,0
28,0
0,28
-20,36
0,-4
12,0
8,4
0,24
8,-20
4,16
FwVersion,SampleSize,Seconds,Picoseconds,CentreFreq,Bandwidth,OffsetFreq,GainIF,GainRF,RefLevel
2.6.3,1024,1372096343,972524800000,2400000000,125000000.00,0.00,0.00,-30.00,33.00
16,-16
4,20
20,-8
12,-20
-24,16
16,0
-4,12
-4,-12
-4,-4
16,4
-12,20
4,4
16,16
16,-20
0,4
-4,16
16,-12
12,8
-8,4
4,4
8,0
0,-12
12,-28
-16,-12
20,4
-8,12
8,-16
24,4
16,-12
16,32
12,-16
12,12
12,40
-24,4
0,-8
40,8
-4,44
-12,-8
0,16
-8,-4
-16,0
24,8
8,24
-8,-8
-4,-8
-20,-8
0,4
20,12
16,4
8,-8
-8,-8
4,-4
-16,8
16,-4
4,4
16,40
28,-16
20,24
12,-28
-4,24
20,-4
0,20
4,-20
36,0
-8,12
12,0
8,8
4,0
-4,-12
16,0
-8,4
-4,-4
12,16
8,-4
-8,8
-24,0
8,4
-12,8
12,24
16,-4
-4,8
4,16
8,-8
-12,-12
8,20
8,20
-4,-12
8,24
-32,-4
12,12
-4,-8
-8,8
4,-4
16,-8
4,8
-8,4
-4,20
12,0
-8,-4
-28,20
-8,-16
8,-8
-8,8
36,28
12,0
-12,8
12,-8
4,8
-4,0
4,-12
-12,4
4,12
-12,8
0,-16
24,12
0,0
0,4
-8,-32
-8,32
0,-16
16,4
-12,0
8,-16
-4,-4
-4,4
32,-28
-8,4
-24,-8
0,-24
24,4
-4,-4
0,-24
12,-8
8,8
4,-8
-20,-8
8,-16
4,12
-4,-16
20,8
12,20
12,0
4,8
16,8
-4,12
12,-20
12,-4
4,24
-20,12
-28,-16
24,-16
-8,12
-8,-8
12,16
-8,8
8,-16
-4,-12
24,-4
-8,16
-12,4
16,-20
0,16
-32,12
40,4
-12,-24
-44,4
24,44
-16,-4
0,0
0,-12
-36,24
12,4
20,-20
4,12
-4,12
4,-36
0,4
0,8
4,4
4,0
4,0
20,-8
-12,12
-24,-28
24,-20
8,-28
0,-4
-4,-8
-12,-16
-12,16
-4,4
20,12
-32,12
-28,-4
0,16
12,-16
24,-4
-4,4
12,-12
12,-16
24,-8
-20,-8
8,0
4,-8
-16,12
16,28
-8,-16
20,-8
-16,16
-4,-16
0,-4
-12,12
16,12
-8,4
-4,12
0,-16
4,24
8,-16
0,16
-12,20
32,-8
0,4
-16,-8
0,8
0,-40
4,0
8,16
20,-8
20,-4
-4,-16
20,12
4,24
-8,24
-4,-8
4,12
4,0
12,8
16,0
8,-4
-8,40
4,20
-8,-8
-12,12
-16,0
16,-4
0,-4
4,-8
-20,4
4,8
-16,24
8,8
12,0
-24,-20
-28,0
-16,-8
16,-4
4,0
16,28
8,-12
-12,0
20,12
-12,-4
16,-12
0,-4
-8,-8
0,16
-24,0
16,-16
-4,4
-4,16
4,-24
0,-24
36,24
4,0
0,0
-32,12
12,-12
20,4
-8,-8
40,4
-20,0
-4,-12
-4,12
-16,28
-20,4
-4,-20
12,-20
0,4
16,12
-28,12
8,0
12,-8
-24,20
20,8
16,-4
20,8
-4,-4
-8,-16
-8,-20
0,-4
-12,-16
16,4
-8,-12
4,0
-4,-4
8,-12
8,0
-12,24
4,-16
4,-12
8,-24
0,-24
-20,-4
12,4
-4,-8
20,-16
4,-4
-4,12
0,16
-8,-12
-12,0
-4,-4
-8,12
24,4
-28,4
-16,12
-8,-4
24,12
-4,12
-16,-24
8,28
-4,-20
-4,0
4,8
8,8
-16,36
0,-16
0,4
0,-24
-12,-8
0,16
20,16
-4,-12
-12,8
4,16
4,8
16,8
28,-4
8,-8
0,-8
24,8
4,0
-20,4
16,-12
-4,8
-8,-20
20,-16
-8,-8
4,12
-12,-8
4,16
20,-20
16,0
28,4
16,8
0,20
-8,-8
-4,16
12,-12
24,-8
12,-4
24,0
8,8
-20,0
8,20
-8,12
-8,-16
-4,4
-12,-8
12,-4
0,8
0,0
20,28
-4,28
0,-24
-12,-4
24,-16
16,-8
-32,-8
-4,24
12,-4
24,-32
4,-4
20,8
-4,-24
0,12
12,-12
20,-12
-24,-8
-20,12
4,-12
0,4
4,-8
0,8
8,24
0,-20
0,-12
12,-4
-4,24
8,-16
-8,-12
-16,-12
8,16
8,-12
4,-4
-12,-8
12,12
20,-28
12,0
24,8
0,8
4,-16
-8,16
-24,24
24,-4
-8,-12
0,4
16,16
-28,-12
-20,16
-4,0
-8,-12
0,-12
0,12
16,-4
16,-16
-4,-16
4,-24
-8,0
24,-4
-4,28
-4,-4
-16,16
-8,-12
8,-24
0,16
16,-4
12,12
-44,8
-16,-12
8,8
16,-4
8,-16
-16,0
4,-12
-20,16
0,4
4,-12
-12,4
-4,-4
8,-4
8,-20
-12,4
0,-8
0,36
8,-16
8,-12
0,-16
12,-8
-32,-4
20,24
-8,0
16,-8
24,0
0,4
-8,20
-4,0
-8,-24
36,-4
-16,-4
-4,16
8,36
0,-20
-12,-20
4,-4
4,-28
-4,-8
-20,12
0,-4
-12,20
4,-4
4,32
-8,16
-24,-16
8,-20
4,16
-12,20
-12,8
8,-16
8,4
-8,36
16,28
4,4
-20,-24
12,-12
-4,-8
8,-8
16,24
4,8
0,-4
0,0
8,8
-4,0
-8,-20
-16,-8
8,12
24,-4
12,-24
-12,-16
8,16
-4,-8
-32,-12
8,-4
0,12
-16,-12
8,-4
-20,16
-8,20
8,0
-20,12
28,4
12,-16
-12,-4
28,4
-24,-4
0,4
28,-28
8,8
-8,8
0,16
-8,-8
16,8
16,0
4,-8
-4,-4
8,-12
-4,16
20,0
12,-24
-8,24
8,8
0,-12
-12,-20
4,0
0,16
-20,20
16,20
-4,-32
-36,16
36,-4
-4,-12
-8,4
8,-4
4,4
-4,-4
4,-16
8,12
4,-8
4,-8
4,-4
4,12
-4,24
0,-24
-4,0
4,-8
8,-16
-8,-8
20,-20
-4,4
-4,-8
-8,-4
12,0
20,-8
32,-8
20,-12
0,12
-12,-12
20,4
12,8
-8,4
-16,-24
8,-12
0,20
0,20
8,-8
-24,12
16,-12
28,-8
16,-16
4,-8
-12,-12
8,12
20,12
4,16
12,4
4,8
4,-8
-32,4
4,12
20,16
-4,-4
-8,-4
12,16
-16,4
-12,32
12,12
-16,4
12,12
12,-8
8,20
-4,28
20,-24
12,4
16,-20
12,4
-20,8
-12,-16
-28,-8
12,-8
8,8
0,-16
4,20
16,8
24,16
0,-24
20,16
8,20
0,4
4,0
24,0
0,20
8,8
8,4
4,16
12,-8
8,-8
-8,12
-4,-8
12,4
0,8
0,4
8,28
28,8
4,20
8,20
12,-20
24,-40
-8,0
8,24
20,4
12,-4
-12,4
28,0
-8,32
-8,4
-12,20
-4,-12
0,-8
4,12
-20,-8
0,-8
0,12
16,4
-8,-32
8,16
-28,12
12,24
4,-16
12,-12
8,-24
12,-8
28,24
0,-16
28,-12
-8,0
-12,-4
12,8
12,4
-8,4
4,12
0,0
8,16
4,20
16,-8
4,4
4,36
16,-20
4,12
16,-8
8,20
8,-4
8,-8
12,12
-12,-4
-8,-12
4,12
8,-4
-12,8
0,20
24,8
12,-4
0,8
4,-20
8,24
8,8
-4,-24
8,-12
0,-8
0,8
4,24
-4,12
-12,-20
-20,-4
-16,4
12,0
20,-32
-16,-4
8,12
16,-20
-16,-4
44,32
-8,12
-12,4
4,-16
-4,-12
0,0
28,28
-8,12
0,4
28,0
32,-28
4,8
-20,-4
4,8
-4,-4
16,-16
16,8
16,0
-20,4
4,16
8,12
0,-4
0,4
20,0
4,0
32,-8
-4,12
-36,-8
20,0
-16,4
-4,0
12,-4
12,20
16,-8
-4,16
4,4
12,0
16,8
8,12
24,0
8,4
16,16
-4,4
-8,-4
8,-4
4,-12
0,0
0,36
-8,-8
8,20
28,-4
-12,-36
0,12
16,-28
-12,8
8,-20
12,16
4,4
24,12
4,-8
20,8
-4,-12
12,12
20,12
8,-16
-4,-8
16,0
0,-4
0,12
-12,-4
20,4
16,8
4,-20
24,-12
0,8
0,-16
20,40
20,12
-24,16
24,24
-8,12
16,4
4,24
16,4
-8,0
-12,-20
-16,24
-8,-24
0,-24
-24,20
16,4
12,-8
-16,16
24,8
4,24
16,16
-4,4
8,4
-8,-20
-12,-12
-16,4
4,32
-12,-20
16,4
12,20
4,16
12,0
16,-4
16,32
8,-8
20,20
28,-12
-8,24
12,0
-12,-8
32,-8
4,-8
-32,8
-8,0
16,12
4,-24
12,12
4,-20
-4,16
20,12
-8,-12
-24,-8
4,-16
-28,4
8,20
12,-12
8,-4
4,20
-4,-20
-4,0
32,-8
-4,-20
4,-12
28,-4
-12,0
-4,12
20,4
24,0
-8,0
8,0
-8,12
0,-4
-12,-4
-12,-4
32,24
-20,12
16,12
0,16
-16,-12
-16,8
-20,-4
24,20
16,8
20,-8
-12,0
16,8
0,16
-4,16
20,16
0,4
-28,-28
24,-4
20,40
-28,-12
12,4
16,-8
12,16
0,20
-4,-4
4,-8
-8,12
-4,-32
-16,4
-4,0
-20,0
16,4
-12,16
-4,12
-20,-4
-4,-4
16,20
-8,-12
-16,12
8,-12
-4,0
-4,8
32,-12
-16,-16
16,-4
-4,8
-8,0
-4,0
12,16
-4,24
20,-12
4,0
28,-4
-12,-8
-8,0
-8,4
8,-24
-20,-20
32,20
8,0
-16,-4
32,20
-4,24
4,-20
0,0
0,-4
36,-4
-8,16
-8,4
12,-16
-12,28
-4,-32
0,-20
12,12
0,4
0,0
0,-12
-8,-32
-8,0
8,4
4,0
-4,-8
8,4
8,24
-16,4
-8,-8
4,-4
12,20
-20,8
4,-8
-4,16
12,4
-12,0
20,4
20,-20
-12,-24
-24,16
8,12
-4,-4
8,16
4,4
8,4
4,16
16,-8
-4,8
20,-4
4,12
4,-28
-4,28
-24,4
0,-12
-20,24
0,16
12,24
8,0
20,8
-4,-12
-4,-16
40,4
16,4
-12,16
-12,-20
8,8
0,12
12,0
12,-20
12,16
24,-12
0,4
-20,-24
20,-8
-8,8
32,-8
16,-4
-20,28
16,4
-4,28
8,-28
4,0
20,4
12,8
-8,-12
8,-24
20,-28
20,8
FwVersion,SampleSize,Seconds,Picoseconds,CentreFreq,Bandwidth,OffsetFreq,GainIF,GainRF,RefLevel
2.6.3,1024,1372096343,973528400000,2400000000,125000000.00,0.00,0.00,-30.00,33.00
0,-4
0,-8
4,0
-16,-4
40,4
20,-32
-4,-8
-16,32
4,0
28,4
4,-4
16,8
-16,24
-20,0
8,0
-28,-20
4,4
-8,-4
12,24
-8,-20
12,8
0,8
36,-16
8,20
-12,20
-4,-4
4,16
24,20
-16,-32
-8,20
16,8
-4,12
8,8
-8,-4
8,8
4,0
-12,4
-4,24
-12,28
8,-20
4,12
0,4
8,4
-12,24
-4,8
-8,12
4,12
-12,12
0,16
16,4
-8,-16
8,0
12,0
12,-12
8,-12
-16,0
16,-4
12,-8
4,-28
24,-4
12,-16
-24,20
12,-8
-8,-4
16,-4
16,0
4,-16
-20,4
8,0
-4,16
4,-8
16,-4
12,28
-4,-20
8,24
-16,-8
20,16
-12,28
0,-24
-4,8
8,24
-16,-4
20,4
-12,8
28,-4
-32,0
4,24
-4,16
20,-32
-16,-20
4,-20
-12,4
16,4
-20,12
-4,0
0,4
-16,0
4,24
-28,24
16,36
-8,-4
-16,12
4,8
12,0
-4,-24
-8,8
8,-4
0,-8
-4,8
-24,-8
-4,0
28,-20
-16,-12
28,4
0,12
-8,-12
32,8
20,-24
-8,16
0,24
4,8
-8,-12
0,28
-4,8
0,16
32,20
0,-8
-8,-12
12,12
4,28
-40,-12
20,4
12,-12
8,0
0,32
-4,16
-4,0
-4,12
8,0
4,20
24,-24
-16,8
-16,4
4,16
20,-8
4,12
-16,-4
-24,12
12,28
12,-12
-8,12
12,-32
4,0
-24,8
-12,-8
-12,8
4,0
12,-4
8,12
-20,-8
-24,-12
-16,4
4,24
20,16
-12,4
-4,0
20,20
16,12
4,-24
-8,-24
4,0
-4,8
-16,-4
-4,8
4,-24
8,12
-32,-4
8,20
20,0
-8,-8
16,28
4,-4
12,8
4,32
4,-16
-12,-4
4,-20
8,-8
4,0
-12,0
-20,20
4,-28
16,-16
-16,-8
8,4
12,-16
24,-12
-12,20
-4,-24
0,0
-4,-8
12,16
0,-8
-4,20
-8,-20
0,-4
4,0
12,24
-4,-12
4,28
8,0
12,-8
-4,-12
-16,-16
-4,28
0,-12
-4,-32
20,4
-32,16
-4,-16
-12,0
28,-12
0,4
-4,-8
0,0
4,28
-4,-20
4,4
28,12
32,12
-8,-20
32,-24
-24,4
-4,12
16,8
4,-4
-8,8
16,32
12,-12
-4,16
-4,-8
0,-8
8,28
-4,-4
-8,0
12,4
-4,8
20,0
-24,-8
-24,4
8,16
8,8
-20,-4
20,-16
8,0
0,20
-24,-4
-16,-16
-8,12
12,8
4,8
16,4
0,0
4,28
-12,8
4,0
28,4
-20,16
8,-12
-8,-24
12,28
-12,-8
0,12
12,0
12,0
-8,32
12,0
4,20
20,-4
8,8
8,-4
4,12
-8,0
-8,-24
-4,4
-16,4
0,-16
4,-4
-8,0
-8,0
32,0
8,8
0,-16
12,-16
8,4
4,16
-20,-12
12,12
16,12
20,-4
-4,0
4,0
20,-8
4,-16
20,-20
0,8
8,28
4,8
16,-4
12,-4
12,24
24,8
12,4
8,-4
4,-4
12,-20
0,16
0,8
12,-48
4,44
32,-8
-8,-8
0,20
8,-8
8,4
4,20
12,28
-16,-4
12,16
8,8
-20,0
4,-12
0,-4
-8,-4
4,4
-4,8
0,12
24,4
-8,-4
16,4
-12,-4
-28,0
20,-4
-12,-16
0,8
-16,-4
0,16
-8,12
28,-16
-20,12
16,-4
-16,8
-16,8
-12,-4
-16,-32
0,4
8,-8
-8,0
28,0
-4,4
12,0
-20,-8
0,4
-16,12
4,8
16,12
12,0
8,20
-12,-4
-20,-16
16,4
0,-32
-8,12
12,8
16,-8
-12,28
20,28
-4,0
12,36
4,-8
4,0
4,0
4,12
0,16
-8,20
8,4
16,-16
8,12
-24,4
12,8
36,8
4,12
16,20
-8,0
16,0
-12,4
-4,20
16,12
-4,12
-16,4
0,-32
32,0
4,-8
-8,-8
4,-16
4,-8
16,0
-16,-12
12,16
16,-12
4,20
16,24
-8,0
0,16
-8,-24
-24,4
-12,-4
4,24
-8,16
0,4
-8,20
-8,8
0,28
-12,-12
-16,-4
16,-12
-16,0
0,20
20,-16
4,-4
4,-4
0,-16
0,-20
-20,16
8,-28
12,12
20,0
4,0
12,8
12,-12
12,-4
-8,-36
0,28
8,-16
4,-20
24,12
-4,-4
24,20
16,-4
0,-16
0,-8
16,-12
-4,-8
-4,-4
24,36
-16,16
8,-16
12,4
12,-28
8,-8
-16,24
12,-28
4,-12
28,4
-16,12
24,12
-8,-24
4,8
-4,-4
-24,-4
4,-28
8,12
4,-36
24,-32
-12,-4
24,-32
16,52
4,4
12,4
32,12
-16,-8
-8,-40
-32,16
12,4
0,4
-12,-24
-4,0
12,-16
-4,40
20,-24
-16,-16
4,0
-12,-8
4,-8
24,-4
8,24
-24,-8
28,-16
-4,4
12,-12
0,4
-4,-20
12,-20
-4,0
16,-4
-16,24
16,16
0,-4
0,8
24,-12
8,-16
4,12
-12,-4
-20,-4
16,-4
12,-4
4,-16
-48,8
4,16
16,-24
-4,-16
8,0
0,-8
20,8
-20,-12
-8,20
12,-4
4,-8
-8,12
8,-16
-20,12
40,4
-20,4
20,-4
0,-24
0,12
-4,-16
0,4
-12,0
-12,4
-16,16
-28,24
-16,12
-4,-24
-12,0
16,8
-16,0
4,-32
4,-8
12,24
8,4
12,-12
16,4
8,4
28,0
-12,8
-4,12
12,-12
-16,-4
12,32
0,12
0,0
-4,8
16,-16
0,-8
0,4
-4,-12
20,0
-4,4
-12,24
24,8
16,20
0,16
-4,-8
16,-20
8,0
0,-8
-8,-24
0,-24
8,-4
12,16
4,0
12,4
8,-8
4,-12
20,8
8,4
20,24
-12,-12
0,-12
32,16
8,-8
0,-12
0,16
32,-48
20,28
20,28
0,4
0,20
-20,4
-8,-8
4,12
-24,-12
0,8
-12,8
4,-4
16,-32
-16,12
8,8
12,12
24,4
40,-4
0,-8
-24,-16
4,-20
0,8
12,8
0,0
8,0
12,-12
12,12
4,-12
4,12
0,-8
-12,-4
0,-12
4,0
12,20
8,-4
-8,-12
-12,-16
32,8
4,8
4,8
4,-12
8,16
12,-4
-28,-4
4,-16
-16,4
0,28
8,-4
12,-8
-8,-28
16,20
16,-16
8,32
8,4
12,-4
-20,4
24,0
-12,0
-16,-12
0,-4
-8,-4
0,12
-12,0
12,0
12,20
8,-16
8,12
12,-20
-8,-20
20,8
0,-12
16,4
-12,20
-16,8
0,20
20,0
-8,-16
0,24
-4,8
20,40
-12,24
8,-16
12,4
4,-8
28,0
0,4
-4,8
-4,4
-4,-12
0,0
4,20
12,0
4,-4
-12,16
12,-12
-20,20
16,12
4,0
-4,8
-4,-16
-12,0
-16,12
-16,8
36,0
16,-8
20,12
24,-12
-12,4
8,-8
-12,4
8,-4
-24,12
8,8
0,0
4,4
-8,0
8,-4
-8,-8
0,-8
-8,8
0,0
24,0
-12,-20
8,-8
4,8
-4,-4
20,-28
12,8
4,-8
-4,28
36,8
20,-16
-8,8
-28,-8
0,-4
36,-20
-8,-12
0,-4
16,4
-24,-4
8,12
28,-4
-20,-24
-12,-4
4,-4
0,-16
-4,-4
-4,-4
12,8
-24,-8
16,-24
16,-8
16,24
-4,4
-8,24
-4,4
16,0
24,0
8,-4
8,0
4,8
-4,20
-4,4
12,0
16,24
-16,-8
12,4
-16,0
16,24
12,8
12,-20
16,-8
0,4
-16,16
12,-4
-4,8
-8,4
4,4
8,-4
4,20
-24,0
-8,-8
-8,12
-16,8
8,0
8,16
-8,24
8,4
-4,-20
-4,4
-16,-16
4,-12
-24,-16
-4,24
12,20
4,12
20,4
-20,-8
-8,4
12,4
12,4
0,-4
-16,-4
-16,-4
0,52
0,-12
0,0
-4,0
-12,0
-12,12
20,-20
0,-16
8,-4
4,4
-4,4
16,16
0,0
-4,-8
40,8
8,8
12,8
-4,20
12,-4
-12,32
-4,-8
-8,-8
4,28
-12,-4
8,8
4,-4
-20,-28
8,4
28,-8
-4,-4
36,0
4,4
8,4
16,-12
12,4
4,-8
-12,-20
-8,-16
8,4
16,-16
0,-28
-4,16
8,-12
4,16
-4,-8
-8,24
0,8
12,-12
-16,-4
12,20
-12,12
20,-8
-28,12
28,28
24,-8
-12,0
12,8
24,20
0,4
-8,-8
-20,12
20,32
8,16
-8,12
24,0
0,-4
-4,8
20,-8
-20,20
-4,-4
0,4
12,28
-4,0
-28,12
-4,16
4,24
24,20
4,16
8,4
-20,20
8,8
40,-12
8,-20
-4,28
4,-16
0,-16
-16,-8
-4,20
-16,16
-12,-20
20,12
0,-8
0,28
-20,4
24,-4
0,8
-8,4
12,4
0,-28
16,-4
-32,8
4,0
0,8
-4,8
4,-4
-20,20
4,12
-24,-24
16,24
12,-16
16,8
4,28
16,16
0,-8
-12,-28
4,-4
-8,8
-8,4
16,0
4,-28
-12,-8
0,-8
8,0
-16,20
20,-4
-8,-16
0,8
-4,-12
-20,-8
-12,20
-4,-4
-20,8
4,8
-16,-24
24,12
20,20
4,4
0,12
12,12
-20,-24
-16,4
-8,12
-4,4
8,-16
8,-8
8,0
12,8
-20,-4
16,16
4,-20
-12,-12
-24,24
8,-4
-8,16
4,16
-12,4
12,28
-4,16
8,0
20,20
0,16
-4,28
-28,-12
20,16
8,-4
12,4
-12,8
-4,-4
12,4
-16,-8
8,-4
-16,8
-8,20
-8,-4
12,12
-12,12
-24,-12
28,-8
36,4
-12,-12
0,8
-8,8
-8,12
8,-8
0,16
4,8
-4,8
0,4
0,-8
-4,-20
-4,12
8,0
20,-4
0,4
-8,-8
-16,12
0,-20
16,20
-4,4
-32,-16
-28,0
8,-4
-12,-16
16,-4
8,8
16,-12
20,24
8,-4
12,-4
4,8
-16,-4
-8,-4
-4,-4
12,-8
0,8
0,4
-12,4
16,28
-8,-12
12,4
0,-20
0,-4
8,8
16,-16
-4,-4
-16,4
FwVersion,SampleSize,Seconds,Picoseconds,CentreFreq,Bandwidth,OffsetFreq,GainIF,GainRF,RefLevel
2.6.3,1024,1372096343,974570700000,2400000000,125000000.00,0.00,0.00,-30.00,33.00
-4,-20
-20,4
20,-20
0,-12
-16,-4
16,-4
8,16
-20,12
4,-4
0,-4
4,12
4,-20
-4,-20
8,-12
4,20
0,-24
-8,16
-8,-8
-16,-20
20,16
4,20
-20,20
-8,-20
-16,8
-8,8
20,0
-12,0
-12,4
12,8
-16,-8
16,-32
8,0
12,4
28,-4
-16,28
-16,12
24,-28
-4,0
-4,-24
4,-8
8,20
20,8
4,-16
8,0
12,24
-8,-16
12,12
4,12
4,0
0,8
20,12
-8,-20
0,-4
8,0
-12,-8
12,0
-4,-4
-4,-4
0,0
4,-28
4,20
4,16
12,-12
28,20
-4,4
-4,4
24,8
-24,16
12,32
8,-8
-16,4
24,-24
-16,-8
4,16
32,20
-20,-16
12,0
4,4
-12,4
-16,-4
16,-12
-12,16
24,-4
-4,36
-4,-20
32,-8
-8,8
-12,8
-4,0
-44,16
16,-8
-8,-32
4,8
24,8
-4,-8
-8,8
12,-4
8,-4
24,20
-20,-8
8,0
0,8
8,8
-8,-8
-4,8
-4,-28
-24,-4
0,-16
16,12
24,4
8,-16
8,-4
-4,-4
0,-8
24,-4
-4,-8
4,16
0,0
4,12
20,4
24,4
-12,-4
8,-8
-12,0
-4,8
12,-8
20,-24
8,12
-4,-4
4,12
-16,16
20,-20
-24,-4
24,24
-12,-28
4,-8
4,20
-8,8
28,12
12,12
8,12
-16,0
-12,16
8,-20
-20,8
8,16
-12,-20
4,-4
-4,0
-8,-16
40,36
0,8
8,4
4,8
0,28
-16,-4
4,-20
8,0
-20,-4
24,4
-16,32
4,32
-16,-12
12,-12
4,12
32,-4
-12,-20
4,-4
-4,-12
32,4
12,20
12,-4
20,-28
16,-8
0,24
0,16
-20,-4
-12,-32
0,12
-20,8
-8,-36
-16,8
-8,8
-8,4
4,4
4,20
4,0
24,-8
12,4
-16,32
8,-16
-16,-4
4,-16
-4,-4
24,8
-12,24
20,4
-36,0
24,16
8,12
-20,-4
24,8
0,-16
-8,24
0,-12
8,4
0,12
-4,8
-8,0
20,52
32,-32
-4,0
0,32
0,-8
4,-24
0,16
-20,28
28,-4
12,-8
-12,12
-8,-12
-8,12
16,-4
16,4
20,8
-8,-4
8,-12
0,4
-16,16
20,8
-8,-8
0,-12
8,-16
12,36
-16,-24
-4,28
20,40
-4,-12
8,-8
-16,4
16,-8
12,0
12,24
-12,-4
8,-20
24,-16
-8,0
16,36
12,-4
8,4
-4,8
12,12
8,-8
8,8
0,4
-16,-4
28,8
-8,-8
-8,8
4,8
12,4
-12,12
16,-8
8,16
8,-12
-24,24
-8,-4
8,8
4,4
-8,20
8,-20
-12,20
28,32
16,16
-8,-8
-4,-8
-28,-12
16,12
8,-16
4,48
-24,20
40,8
-8,-16
-12,-4
0,0
-12,4
16,-4
-4,-24
8,-4
-12,12
0,-8
24,4
8,-4
-4,-4
-16,24
12,-4
-12,-4
-24,-4
8,20
-8,4
4,8
-28,28
20,4
-20,-20
8,16
-12,4
20,-24
-28,-4
4,-4
8,4
16,16
-12,0
16,4
8,0
20,16
12,16
-4,12
12,8
-4,8
-4,-4
-8,8
12,8
20,-16
28,-8
-16,12
4,-20
32,0
20,12
-12,-8
-4,-8
-8,-4
12,4
0,16
0,8
8,12
0,12
12,8
20,0
-20,4
20,-16
0,4
20,-8
-4,0
4,8
-4,20
0,20
-32,24
20,20
4,-8
28,-8
4,28
28,8
12,-8
0,0
12,20
16,4
12,-36
-8,16
20,12
-32,20
12,4
12,0
8,16
-28,20
8,-24
8,0
8,-4
8,-16
0,-12
20,0
0,0
-4,-4
0,0
8,0
0,-16
8,0
-4,12
32,-20
-8,0
16,-4
12,20
-8,0
4,-8
28,8
12,-8
8,4
-16,-32
8,-12
-4,36
16,4
20,-16
-8,-12
-16,16
12,-4
4,8
28,12
8,-12
-16,-4
20,24
12,-12
12,32
28,16
0,-32
-8,-12
12,0
4,-12
-4,-12
24,-16
-8,-8
40,0
4,-8
-12,-12
-16,-16
-20,12
-4,-16
-8,12
-24,12
-20,12
-4,8
0,-28
0,-4
0,20
-8,-8
8,-20
-4,8
8,12
12,4
-12,-4
12,24
8,28
28,-20
-20,-16
-20,0
24,12
-12,32
0,0
-12,0
-4,8
-28,24
8,-8
16,4
16,28
8,4
-4,8
12,4
-4,0
12,20
4,28
4,-20
4,8
-12,8
4,4
-12,-4
-12,-16
16,16
12,-8
8,16
16,-8
12,8
-4,-12
4,28
0,4
-28,24
4,0
-16,-12
-12,16
20,12
4,-4
-20,4
0,-12
28,8
0,-16
12,20
-4,8
16,0
8,0
4,-8
-24,28
-4,-20
-16,-8
12,0
8,12
-4,0
0,12
4,20
20,-4
-36,4
-12,16
32,4
4,-24
-24,8
8,4
20,20
-16,-4
-16,8
8,24
20,24
-24,-32
12,16
12,4
-20,-12
-20,4
8,0
-24,12
-12,-16
36,-4
0,-4
4,-20
8,12
8,8
-12,16
0,-8
8,4
0,12
4,-8
12,36
-12,0
-16,0
4,-4
28,4
8,8
-4,-4
4,4
-16,16
-8,8
12,12
20,28
4,8
16,-4
8,-24
8,-12
0,0
24,20
-8,12
16,4
-16,28
16,16
24,24
4,0
20,0
-8,-20
12,24
-20,12
12,4
4,-12
16,-4
0,8
-12,16
-28,-8
8,-8
24,16
4,8
-8,-8
12,-24
-4,-4
-4,-28
0,-12
36,4
16,12
0,-12
4,-20
8,4
8,-20
24,-4
12,36
0,-8
4,0
52,4
4,-4
8,8
20,0
-8,0
-32,20
-16,20
0,4
8,-32
-12,16
-8,32
24,-8
-32,12
-4,0
24,12
-8,8
0,16
8,16
0,8
24,12
-12,-4
-4,-32
-4,-12
-24,-28
-8,16
32,8
-28,0
8,20
8,24
4,20
12,-20
-16,-8
-4,0
-8,-28
-4,24
-20,16
20,-4
-4,16
-4,-12
36,0
-12,8
28,4
4,-8
-12,4
-4,-24
8,16
8,12
-8,8
16,4
0,20
-4,-32
-8,16
-24,-16
-4,8
0,8
12,-32
-20,8
-16,4
20,-8
12,-8
4,4
24,-8
8,8
4,28
-4,-4
32,-4
-4,-16
4,16
12,20
0,-8
-8,12
-24,4
12,-8
-8,8
8,-8
8,4
16,-8
16,-8
-20,-8
4,12
8,8
-16,-4
16,-12
12,12
8,-4
4,0
0,0
16,4
12,0
-8,12
-20,36
16,0
20,4
4,28
-4,4
24,4
12,-4
-4,4
8,-8
8,4
-4,-8
-12,-4
-8,-12
-12,-20
24,8
-12,8
16,-12
-8,-4
-8,-8
-4,0
-4,-8
-4,0
12,16
16,-8
-12,-20
0,-4
-4,-8
28,4
-12,-12
12,-4
8,16
0,-8
4,-12
16,4
4,24
-12,-4
8,-8
4,24
-4,-16
-12,4
12,-4
8,8
-20,12
4,-4
8,-12
-16,0
16,-32
-4,8
-8,-36
16,-4
4,8
-4,0
0,32
8,20
-12,-12
16,-8
12,8
-12,0
-12,-8
-16,4
-4,0
-8,4
4,-12
20,-20
0,8
16,8
8,-4
0,-16
4,16
20,8
0,12
4,8
4,0
4,-12
16,8
12,-12
8,-20
8,4
8,8
-4,4
-12,0
-4,-24
16,-4
-16,-20
-12,28
-12,-8
-4,8
-8,4
0,-8
-20,-24
0,4
-28,-4
32,8
0,24
4,-28
8,0
-4,24
-16,36
24,12
4,4
-16,0
4,-4
0,0
0,-20
16,4
-8,20
28,0
12,8
-8,4
4,4
0,-8
-8,4
8,-4
8,-4
0,12
16,-16
0,-4
-4,8
-20,12
4,-4
8,4
20,0
4,8
20,0
4,8
-36,-28
0,8
4,0
8,-12
-20,0
4,4
20,16
16,-12
4,-8
4,8
12,-24
12,-12
8,-8
-4,4
4,-4
8,-8
8,0
-20,-20
-4,12
20,-12
4,-8
16,0
-12,12
20,-8
4,-8
16,-8
36,-16
0,-4
0,-8
-4,20
-4,8
4,32
4,-12
0,24
24,16
-4,-16
-12,-24
4,-4
-12,16
16,-16
4,8
-12,16
8,0
8,-16
-16,-16
8,24
0,-4
-20,24
24,-20
12,-20
-16,8
32,-8
0,0
24,-4
-20,20
20,-12
-12,4
24,8
8,-8
12,20
-8,-16
-12,20
20,0
-12,-24
24,20
-4,24
16,20
12,16
-8,-4
12,0
-16,28
-8,-4
8,-44
4,12
-4,-4
16,-8
8,4
-8,0
12,36
8,-20
8,0
4,4
-16,4
8,-4
4,-8
0,4
36,8
32,20
4,8
-24,4
-8,12
4,8
24,-8
-12,12
12,24
16,-4
4,8
20,0
-8,0
-16,8
4,0
-4,-8
-24,12
-12,12
-20,-8
0,0
36,12
-16,-8
-8,24
0,-16
16,24
0,-4
8,4
16,8
32,20
-24,-20
-12,28
4,-4
20,0
-16,16
0,-12
-8,-4
-4,40
12,0
-4,8
4,12
40,-8
-28,-28
-20,-4
8,12
-16,-24
-8,4
0,28
-4,28
28,-4
-12,0
12,4
24,8
-12,16
16,-12
4,0
4,8
4,-4
16,-12
-12,16
4,12
16,0
-4,8
-16,-4
-4,12
4,20
0,20
-20,-8
-20,8
4,8
-16,-16
12,0
-4,4
12,0
-24,-20
0,4
8,24
4,-8
4,-4
-28,4
12,-12
4,12
28,-24
-4,-8
-12,-4
16,-12
8,28
20,8
0,-28
4,8
20,12
-8,12
-8,0
-8,0
8,16
24,12
-8,16
8,0
12,-4
-8,20
-8,4
-12,8
28,-8
28,16
-12,-20
8,4
20,28
8,12
16,4
20,-8
-16,12
-4,4
20,-4
8,12
-16,8
12,-4
4,-4
-16,-28
-24,-4
4,-16
-8,20
8,28
4,8
12,-4
-12,8
0,8
20,16
-4,4
0,20
16,-4
8,28
-28,12
-8,-8
-16,12
16,0
0,16
4,4
32,-8
8,8
8,16
0,-4
8,4
24,8
-4,24
12,16
-16,-20
0,24
16,8
0,-4
28,8
-12,-12
-20,24
0,-24
12,-12
-4,-4
-24,-16
4,-8
FwVersion,SampleSize,Seconds,Picoseconds,CentreFreq,Bandwidth,OffsetFreq,GainIF,GainRF,RefLevel
2.6.3,1024,1372096343,975477200000,2400000000,125000000.00,0.00,0.00,-30.00,33.00
-24,-16
0,16
-4,-16
-24,8
4,8
4,8
0,-12
4,-8
4,-8
20,-4
12,24
4,0
0,-8
24,-8
12,12
-4,36
0,-20
-4,32
12,8
4,16
4,4
-20,0
16,-8
4,24
-12,-28
0,28
8,4
20,4
-4,4
12,4
12,24
0,28
16,-4
8,-8
0,0
-12,16
-12,-24
0,24
8,8
0,16
0,16
28,-24
16,-4
36,-16
0,8
-4,-24
4,4
-4,0
0,12
12,-20
-4,8
4,8
4,-4
-28,-16
20,8
0,4
16,0
0,-24
8,-16
-12,8
4,-20
0,-8
8,20
16,12
16,-24
-4,-12
-8,8
-4,-12
20,12
8,8
-8,20
8,-16
0,-12
-8,-8
0,12
-8,-8
16,-4
-8,4
8,24
-8,20
-16,8
12,-16
-28,4
0,12
16,-8
8,-8
16,-12
-16,-24
-20,-4
-12,0
-12,0
0,4
8,16
-12,8
0,-12
36,32
-44,-32
-4,4
0,-28
4,8
-8,-8
-8,0
16,8
-8,16
4,8
12,-32
12,12
-8,0
-20,0
20,0
-12,8
12,32
-4,20
-4,-24
4,8
4,-8
-16,-8
-32,4
8,-8
16,-4
-20,-24
0,24
-4,-20
-12,-4
0,4
-4,-8
-4,8
16,16
0,-8
20,0
0,36
-4,4
0,8
-4,0
0,-8
16,0
-4,8
12,12
8,-16
-4,-16
4,12
4,4
-4,4
12,4
-8,24
-8,-12
8,12
16,4
0,-12
12,-20
-24,8
20,4
12,8
-12,16
4,8
-28,-8
4,0
28,-24
-28,0
24,4
12,-4
16,-8
-4,-4
-4,-8
-4,-12
12,0
4,24
20,0
4,8
8,-4
16,24
4,4
4,-16
24,4
20,0
12,-4
4,8
-8,-16
4,12
0,4
-4,16
16,16
4,4
8,12
0,-12
16,28
-8,-4
8,20
-4,20
16,4
20,0
16,0
-4,0
4,8
4,-20
12,-8
16,20
12,8
4,-12
-4,0
-4,-8
16,0
-8,-4
20,-4
20,-4
-16,-12
-4,0
0,-4
-16,-4
8,-8
12,-4
-12,-36
36,28
16,4
-16,8
-4,-4
20,-24
0,24
0,-36
-4,12
-4,-8
12,12
-4,24
-8,-12
4,12
32,20
4,12
-8,-4
-8,-8
20,20
4,-20
-20,0
-8,12
12,4
-8,12
-8,-20
-32,4
0,-16
4,8
-20,16
24,-4
-12,12
-20,-20
12,-20
-16,12
-4,8
32,-20
-24,0
-4,-28
-4,12
-4,-4
12,-4
4,-4
-8,8
8,4
12,-8
0,4
-8,20
24,-4
20,8
-4,-16
-8,-24
0,12
-4,8
4,8
8,12
8,24
12,0
-4,-8
0,36
-12,-20
28,-20
0,4
-12,0
4,-28
-4,-8
4,-4
-28,4
12,-8
0,-16
16,-16
0,4
12,-24
0,8
-4,0
32,4
4,32
-32,-8
-8,-8
0,-16
28,0
0,-12
0,8
4,12
-12,0
4,-8
-16,-12
4,24
4,0
0,-4
4,-8
20,4
24,-12
-8,-8
4,4
4,16
44,0
16,0
-16,24
-4,4
0,8
0,-20
4,-12
-8,8
32,16
-4,-4
4,-24
-28,-8
-24,-8
8,-36
8,20
-24,16
-4,8
16,0
-28,-8
28,4
-4,12
-12,-12
16,-4
12,24
16,-40
-8,-12
-12,4
-12,-16
-4,16
0,-4
8,4
-4,20
32,-8
4,-16
0,0
16,-8
-12,8
8,-12
4,16
8,4
4,20
-24,20
0,-4
12,0
-8,8
-12,0
-8,0
-8,-8
-8,-4
0,8
20,-16
8,24
-20,-16
8,-20
8,-4
-4,8
20,-4
-4,0
16,44
20,-12
8,4
20,4
0,-4
-8,-12
-4,12
24,-8
-4,0
12,0
-20,-4
8,20
-4,0
-4,8
20,0
-20,0
-4,16
24,-12
-20,-4
16,-12
-24,-4
12,4
28,8
-20,8
0,-12
0,-12
0,-8
20,12
4,16
-8,-12
0,-4
8,-4
8,8
0,-4
4,0
24,16
8,24
16,-24
-8,-16
4,-8
-4,8
-28,0
4,4
4,-16
28,4
-4,28
20,28
-8,12
-20,8
8,0
-4,16
8,8
8,8
36,16
-8,8
-12,-12
20,12
-20,20
-12,12
8,-4
-12,-12
-4,-20
20,-4
4,12
-4,4
4,12
-4,-20
-8,8
8,4
-8,8
12,20
-4,-20
8,-4
4,-16
40,4
-4,-8
16,16
8,-8
20,0
24,0
-24,-8
12,-8
28,4
-4,-4
20,8
-12,20
0,8
0,-16
0,16
-4,8
20,16
-8,8
4,-20
-8,-16
24,12
-8,-4
16,28
-12,0
8,16
-8,-36
8,24
4,-12
4,-16
-4,16
12,-4
-16,8
-4,0
20,-20
8,-28
0,12
-12,-4
0,-16
8,-4
-16,32
-32,4
28,-4
-4,-8
8,8
0,-4
-8,12
24,-4
-16,-4
-16,16
-4,0
-8,-20
16,0
-20,4
4,8
-24,20
16,12
-16,20
8,4
8,20
8,-4
16,4
4,0
-12,-16
0,-12
0,12
16,-8
8,16
-8,-8
20,-16
28,32
12,-8
0,8
28,20
12,20
24,-4
-32,20
-24,4
24,-8
-4,20
16,12
-16,-4
0,8
36,4
4,-4
20,-8
12,-4
-8,-16
8,-28
4,16
-12,-20
20,24
0,-4
-12,8
16,16
0,36
12,12
-4,-32
8,28
-4,-8
-8,-36
-20,-16
8,16
8,-24
4,16
-16,-4
-4,24
-4,-4
20,12
8,-8
8,-16
-16,-28
12,8
8,28
0,-4
12,-8
8,4
-8,4
-12,4
0,-4
-4,0
-12,-16
20,0
8,-12
16,-4
0,0
20,12
-20,-12
-4,-16
4,24
4,-4
-4,8
0,20
-20,8
0,4
24,4
8,20
4,16
-16,4
20,-8
-4,-16
4,0
0,12
-20,-8
4,-28
8,-8
0,-4
-12,0
-16,16
12,-4
24,-8
-32,16
28,8
24,-8
-8,16
4,-4
-8,8
12,4
-4,-4
-4,8
-4,0
-8,-4
8,-12
8,12
-20,-20
-4,12
-20,16
4,-12
0,-20
4,0
0,-4
4,12
4,-16
-16,-4
16,24
-8,-32
-12,28
-8,-12
12,-4
12,-8
-4,28
-8,8
20,4
-4,8
8,-16
20,-8
20,20
-12,8
-4,-4
4,16
-16,-8
24,24
-4,-8
4,-24
0,0
8,-12
-12,-4
-8,-4
0,24
-4,-12
0,0
20,-12
12,8
8,-28
-20,4
-8,-24
4,-4
12,-16
12,20
4,0
-16,-8
0,8
12,-20
0,40
16,8
-8,-20
-12,12
20,-4
4,0
-12,-28
16,0
-16,-4
12,-4
-8,0
0,8
-4,-4
44,16
4,0
-8,16
4,-4
-12,-12
0,-8
8,-8
0,4
-4,0
12,8
-4,-32
8,8
8,-12
-8,-8
4,-20
4,4
24,-8
4,0
-12,8
12,4
4,4
-12,-4
-4,20
8,-20
0,52
0,-12
4,-12
8,-12
4,0
4,4
-12,20
4,8
-4,4
40,8
16,0
-28,-8
12,-16
44,12
-4,4
0,0
28,12
4,0
16,0
-16,-8
0,20
20,-8
-12,-24
4,16
0,-24
-4,-16
16,0
12,0
20,-12
24,-4
0,16
-8,12
-4,8
24,40
0,12
4,-4
12,-8
8,-12
24,0
4,-24
8,-4
-12,-4
0,-12
0,20
12,-12
-24,0
24,20
24,-20
-20,12
32,4
8,8
-8,24
24,-4
12,-4
-12,-4
4,-4
-4,8
-16,-4
12,12
20,0
36,-4
8,0
0,-20
0,0
-12,-8
-4,16
8,-12
-4,-4
16,12
16,0
-8,24
-24,4
40,12
16,4
-8,8
20,-24
4,0
4,16
8,12
0,-32
16,4
0,0
-4,-16
-8,0
4,12
-12,24
16,32
-4,-36
0,-20
12,4
-4,4
4,12
16,20
8,20
32,-12
-8,8
-8,8
-24,4
4,4
-4,-8
-4,-24
-4,8
4,4
-12,16
-12,-12
-8,16
-4,0
36,-8
-8,12
0,0
4,-4
-4,8
-16,12
0,-4
24,12
-12,-4
16,0
-4,28
0,4
8,16
-4,-4
0,0
20,-12
4,12
-16,28
-36,16
12,28
-20,0
0,-16
-4,20
20,12
4,0
-4,16
20,12
0,-4
-12,40
16,4
-4,4
-24,16
-4,12
0,0
-12,-20
16,8
16,-32
24,32
-16,-12
-8,24
24,12
8,24
20,32
16,-16
-12,0
8,20
8,-32
-12,0
4,4
4,-8
-16,24
16,-24
-4,24
-16,12
-12,-20
-4,-8
-4,0
16,-24
12,-12
12,12
-12,12
4,-16
12,4
8,32
0,-16
8,16
-24,4
12,20
0,0
16,-8
0,24
20,20
0,12
16,8
-20,0
-8,20
12,4
0,16
-12,-8
24,-32
-12,12
-8,-16
0,24
-8,-8
-4,12
16,-8
-20,-16
-20,-4
12,8
-12,0
36,16
24,20
-40,4
-12,-8
-12,20
-24,4
0,8
8,-8
-12,16
8,4
-12,-4
4,8
8,20
36,20
8,-4
-12,20
4,-8
0,8
12,4
12,4
8,16
-4,8
-8,20
-20,4
24,16
-8,-20
-4,0
20,8
8,12
-4,8
-28,-4
-16,-12
28,-20
28,-32
24,28
-4,-20
24,24
0,8
-12,-4
-12,4
4,-4
12,4
0,0
-4,4
4,28
12,-24
16,-12
-16,4
0,24
0,0
-8,8
16,-12
16,8
-4,24
12,-24
-4,-8
0,16
12,16
-12,16
-8,0
20,20
0,-8
0,-4
20,-12
-8,-4
0,-40
12,-12
-4,20
-12,0
8,20
-32,-8
12,4
-8,-4
-20,-16
-4,-24
16,16
-4,44
20,16
-16,-28
0,16
24,12
12,28
20,20
-16,-16
8,0
-4,4
12,-8
12,4
-12,0
0,12
0,4
12,0
-12,4
4,28
-4,16
-4,0
20,20
4,12
16,-16
-12,-4
4,12
8,16
-20,-8
12,-4
4,-16
20,0
-8,-8
24,-12
12,12
-20,-28
28,-24
4,20
4,-24
-12,0
4,-12
-8,28
4,0
4,20
4,-8
-8,24
-36,4
24,16
28,8
-64,12
24,-4
4,-16
-16,-8
-20,-12
24,4
16,0
12,4
4,4
-4,-4
-24,44
-20,-4
24,-12
4,4
0,4
20,-12
0,-12
FwVersion,SampleSize,Seconds,Picoseconds,CentreFreq,Bandwidth,OffsetFreq,GainIF,GainRF,RefLevel
2.6.3,1024,1372096343,976474500000,2400000000,125000000.00,0.00,0.00,-30.00,33.00
-12,12
0,4
-36,0
16,8
4,0
20,20
-16,24
-24,-16
8,-8
4,0
16,4
-4,4
0,-4
8,16
-4,0
20,8
12,-16
20,4
12,-4
8,-16
16,24
-28,-8
32,-8
-12,4
-16,8
0,-4
20,-4
-8,-4
-20,0
-16,-16
-8,-4
0,12
0,4
8,-12
0,-16
4,-4
12,-4
-20,-8
12,-12
-12,12
12,12
4,-4
16,-4
20,-12
-4,4
4,28
20,12
8,28
8,0
8,0
32,20
-8,4
8,-8
4,-24
24,-20
8,-20
4,-4
-12,0
20,4
4,-4
32,12
4,32
0,12
-8,0
0,-20
-4,24
-4,16
12,-16
-4,16
12,-28
-4,36
-8,-4
8,16
4,-28
-4,0
-12,-16
-8,8
4,4
12,0
-8,4
4,28
0,-24
-20,-4
8,0
20,-4
-24,40
16,4
8,-40
-16,-8
20,0
20,4
4,-4
4,20
-4,-12
20,8
-20,4
16,-8
12,0
16,12
-16,0
0,0
12,12
8,16
4,-20
-8,4
0,12
-12,4
-32,-12
16,-4
12,12
0,12
-24,4
4,8
12,12
-12,12
-8,16
-8,-12
-12,-8
4,0
4,-4
-4,-24
4,0
-8,20
-12,8
8,-4
0,8
4,-4
-4,8
-16,-8
-12,-8
0,12
-24,0
-8,8
20,8
-8,16
8,4
-12,4
8,-8
8,20
4,-8
-20,16
8,-24
24,28
-16,-20
4,12
12,0
12,16
8,4
4,-24
-12,20
-8,8
16,-4
16,-8
-8,-12
8,8
16,0
-32,-12
-4,-12
8,-28
4,16
16,16
0,4
12,-4
0,-4
-12,40
-4,-8
20,0
-4,-4
24,4
-36,-16
0,4
0,0
8,-12
-8,8
0,-16
-16,-8
-20,8
-4,-4
-28,32
16,-16
20,-8
-12,0
24,0
4,20
4,-16
8,-8
4,16
0,40
8,4
-20,8
-16,-4
-16,4
-8,-16
-8,-16
-12,-16
-24,16
-12,-8
24,-4
0,-4
-8,-16
4,0
16,0
16,-16
4,16
4,-20
-16,12
-4,-8
20,16
4,20
-4,-28
-4,-4
-24,24
8,-8
-12,-4
-8,-4
12,0
-4,0
4,-16
-24,-4
0,-4
-20,24
20,-24
4,0
16,16
4,20
-4,-16
16,40
-28,-4
16,-12
8,-4
8,-12
32,4
-12,0
24,12
4,8
4,8
20,-24
-8,-12
-8,4
20,-20
0,-12
0,32
8,-8
0,-8
-28,-4
-12,12
-4,-24
8,-8
-8,12
16,-4
48,24
-8,-12
8,0
4,16
-8,0
8,-12
12,-24
-8,-4
4,20
-20,12
4,32
12,-4
-16,4
-20,8
4,8
0,-24
40,0
24,4
0,28
16,4
8,8
0,-32
16,-8
-28,-12
-12,12
-8,-12
-4,12
28,-8
20,12
8,-8
24,8
8,0
-8,12
24,-20
-8,20
-4,-12
12,-12
-20,24
0,0
-4,12
-12,-16
8,8
12,-20
8,-12
-20,-28
12,20
-16,-16
0,4
28,12
-40,12
32,-16
12,-20
-20,0
-4,12
0,-16
8,-4
-20,-36
20,0
4,20
-4,0
4,-4
8,16
20,-12
-4,4
-4,-8
-8,4
-4,-28
8,0
16,-8
12,4
-24,0
4,-16
0,0
-12,4
0,4
24,12
0,-8
0,-8
4,-20
8,8
8,20
-20,20
4,8
-20,4
12,16
-8,-12
32,16
-4,0
28,12
32,-20
8,12
4,-4
12,12
-12,20
-12,-24
-4,4
4,12
4,12
0,-8
12,0
0,8
16,4
-20,-8
20,-4
16,-8
-4,-12
-4,-16
-12,8
-28,24
-20,-16
-4,0
-4,0
-24,12
16,8
36,-8
16,-4
8,12
12,16
16,12
0,4
-28,8
-8,4
4,12
-8,16
-16,-28
8,32
4,-4
16,-4
-20,16
0,-8
4,8
-24,36
36,-4
16,8
-24,-20
-24,-8
20,20
-4,8
12,24
0,4
-12,16
12,-4
-8,0
12,-8
16,8
0,0
-8,24
0,8
-8,-16
16,0
12,-20
-12,-20
-16,4
-12,-8
-20,-12
24,0
8,28
16,-24
-28,20
4,-8
-20,-16
-4,4
4,12
4,32
-20,-12
36,-16
-16,8
-24,4
-8,-4
24,-4
28,4
8,4
-16,0
20,-4
-4,4
16,36
12,-28
16,-8
16,-12
8,-24
4,12
16,-20
-24,24
-12,8
-8,32
20,4
8,-20
-12,-8
4,-4
4,-8
0,-12
-16,-8
16,12
-4,12
12,0
36,12
0,-20
20,-20
-4,-32
4,8
-8,8
-8,8
-12,24
-4,-4
0,16
-8,24
8,12
-8,16
4,0
24,0
8,32
12,0
0,12
0,-20
-12,32
0,0
-28,-24
24,12
4,-4
4,12
8,12
-28,12
4,-16
12,-4
8,-16
4,-12
8,-4
0,8
12,0
-8,-8
8,8
-32,32
0,-4
12,-20
-16,-8
8,12
-16,-20
16,12
0,4
-16,4
4,-36
12,20
-4,4
-4,12
-4,12
8,-4
16,16
8,4
-8,4
16,-12
16,8
4,32
-20,4
-12,8
32,24
16,4
4,-16
4,-20
20,-16
-4,12
4,16
36,-4
-4,-28
4,-16
-20,24
8,12
4,-16
-20,-20
4,-8
8,8
28,-8
28,4
-12,-8
20,20
24,4
16,-8
-32,12
12,-16
16,8
0,16
4,16
12,4
8,12
8,4
12,32
0,-36
-12,12
28,20
8,12
-8,4
8,8
4,4
8,8
24,-20
8,-12
-8,8
-24,0
28,-4
4,8
4,0
-36,-16
-16,-12
4,-20
24,4
16,4
8,-16
4,-12
28,8
-4,8
-4,0
-12,4
-16,0
16,8
12,-4
-4,4
28,-4
0,-12
16,-12
32,16
4,4
8,-12
4,-20
0,32
-16,-8
0,8
-8,12
24,-12
16,12
0,12
-16,-4
-4,24
8,0
8,-16
-8,-4
-4,16
-4,8
0,-12
-4,16
16,-12
8,4
-12,16
8,28
-12,28
16,-40
8,-4
0,4
-4,-8
-16,4
0,0
8,16
-4,-24
-16,4
-4,-12
0,0
-36,4
8,8
8,28
20,16
-4,-4
4,-4
8,-16
-20,0
-4,-8
-8,12
12,24
0,8
-24,-4
28,12
-4,16
12,12
-4,8
-8,8
4,12
0,-20
12,-20
-20,20
-4,-12
-4,4
40,12
4,4
12,8
4,-16
4,0
24,4
8,4
0,20
-12,4
8,8
12,-4
12,8
0,12
20,-16
16,4
12,4
-4,-12
-28,24
-4,32
8,-24
-4,16
-12,-8
8,8
4,44
28,-16
-4,16
12,-20
16,4
-8,8
16,-12
0,-4
16,-8
-8,0
-8,4
-12,-20
8,0
16,-28
-24,24
12,-24
0,4
-12,0
12,-16
0,8
8,24
8,-24
-16,4
20,28
-4,-24
-12,-20
32,4
-24,4
0,8
24,20
-16,8
-20,16
28,-20
0,8
8,-28
8,16
-4,-12
8,-16
0,8
16,-12
-20,28
0,0
-12,0
20,-4
-20,-8
-12,-8
16,0
-4,0
8,-4
-4,8
-8,24
8,4
8,-4
4,0
-20,0
0,20
-4,4
4,0
0,8
-16,12
8,-20
-12,-20
32,-4
-24,12
20,-8
-8,12
0,8
4,4
-16,-16
-20,-8
8,-12
-4,16
16,-20
-12,4
-4,-12
-8,20
24,-12
20,-8
16,-8
-4,4
4,0
-4,4
4,8
-8,-20
4,-40
-20,-4
-24,4
-20,24
-8,-8
-4,16
-16,12
8,-24
-4,16
-4,-4
0,0
24,4
12,4
16,16
4,12
4,-8
-12,8
4,0
8,16
-16,20
8,20
8,-4
12,-4
4,16
12,-8
-24,24
0,16
0,-8
0,8
-4,-8
12,8
-12,-8
4,8
8,32
-12,4
0,-12
-12,16
-8,-8
-8,-8
-8,-20
4,-8
4,-8
8,8
4,-8
0,12
-16,4
12,12
4,24
8,-16
12,12
8,16
20,4
-4,-24
-4,16
8,-12
8,16
0,12
40,-20
4,0
8,-8
-16,-20
0,8
-4,-4
16,12
16,40
4,20
-12,0
-4,0
20,4
4,-28
4,8
-16,-20
4,0
-4,-16
0,-28
-4,8
-20,4
-4,24
24,-4
4,-4
0,16
-4,4
24,-12
-12,-20
-4,-4
-4,24
0,4
0,-24
0,12
-8,8
-4,-12
0,-36
8,0
16,4
4,-12
0,4
32,-16
0,8
-20,4
0,-12
-4,-28
16,16
0,16
4,-12
4,0
0,12
52,-8
16,12
-4,-4
8,-8
8,-32
4,4
-4,-8
4,-8
-12,8
12,-16
4,-12
8,8
-12,0
4,-8
40,4
-8,-8
4,20
20,-16
-16,16
12,-12
-16,4
12,12
12,-4
40,16
20,8
12,-4
-16,0
20,0
8,16
-20,12
8,8
0,8
-12,-8
12,0
-12,-12
36,4
8,4
8,0
-16,12
-4,4
4,12
4,4
12,4
4,12
32,-8
0,-24
4,16
4,8
-8,12
8,-4
28,-20
-16,0
-8,24
-8,4
12,-12
20,8
8,8
-4,-4
0,0
4,12
-16,-8
0,8
0,8
28,-4
-24,-12
-20,4
0,0
-12,32
24,24
24,-12
-24,12
8,16
8,12
-4,-16
4,-32
24,32
-4,16
4,0
8,-16
16,20
-4,-20
-32,32
-8,8
0,4
-4,20
-12,4
8,0
0,0
24,12
-24,0
-24,-4
24,12
-20,4
40,0
-8,20
-12,16
-12,0
4,4
-8,-4
-12,-12
-8,16
4,-20
4,-4
16,20
-20,12
-12,-4
-8,0
-8,0
-4,32
-8,0
20,-24
8,16
-8,8
-4,8
-16,20
28,32
8,-8
-28,-8
8,20
-4,36
-8,4
16,-12
0,28
-20,16
-8,0
0,12
12,4
4,0
12,8
12,-8
-8,-8
-28,8
16,8
-44,16
-12,24
0,-4
16,-12
32,0
-20,24
-4,-4
8,-16
12,12
0,4
-4,0
0,8
-4,16
12,4
-20,20
24,8
0,-12
0,28
8,-4
4,4
-8,-8
0,-20
20,8
16,8
-4,0
-16,4
-12,8
0,12
20,16
12,24
-4,16
-12,32
28,-4
0,-12
0,12
20,32
0,24
32,-8
-8,-16
-16,16
8,4
20,-8
-12,-8
24,8
-8,8
-8,-4
-28,0
-12,-16
24,0
-12,-12
FwVersion,SampleSize,Seconds,Picoseconds,CentreFreq,Bandwidth,OffsetFreq,GainIF,GainRF,RefLevel
2.6.3,1024,1372096343,977474200000,2400000000,125000000.00,0.00,0.00,-30.00,33.00
-20,4
0,8
-20,0
4,8
-20,28
4,0
-12,-12
8,-4
12,16
8,28
12,-24
-32,8
0,4
0,12
12,-12
0,16
44,24
-8,12
-16,-12
-20,-16
-16,8
24,28
-12,16
32,8
12,-4
0,0
20,-4
-12,-4
0,12
8,-24
20,-4
16,0
-12,12
-16,16
-4,0
8,-12
4,-36
-24,28
-8,12
16,40
12,8
24,8
-20,-24
4,8
-4,-12
24,-4
0,20
-4,-16
-4,-16
12,36
-4,24
8,-12
4,0
4,-12
4,0
-12,8
-24,12
20,16
12,16
12,-8
12,8
-12,-4
0,8
4,8
4,4
-36,4
8,-4
12,4
12,28
0,-8
-28,0
20,24
-12,-20
4,32
-16,-16
-8,8
4,12
8,8
0,0
24,24
12,12
-20,-8
8,12
-4,8
-4,20
16,16
-16,16
16,0
8,-4
-8,-4
-4,0
-28,-8
12,12
16,-24
20,20
-8,0
4,-8
8,-8
16,12
20,28
-4,0
32,-4
-8,4
32,4
-12,4
8,-4
12,-28
16,4
-24,-8
-4,-4
20,8
-20,4
4,-4
8,4
-4,8
12,-4
0,12
-16,12
-28,-12
-12,0
0,20
-4,-4
-4,12
-8,20
-4,20
-12,8
16,4
-4,-4
8,-8
-8,0
0,-20
16,-12
4,-12
-4,8
0,4
4,0
0,-24
-8,-12
-16,-8
-36,4
12,8
8,-16
24,-16
-4,24
0,-8
-12,-12
8,16
36,12
-8,4
24,-16
-12,-4
12,20
4,-12
-16,-8
-4,-4
0,-24
-20,-8
16,12
24,8
8,20
20,4
4,-28
-4,8
4,-4
-4,-12
12,-4
16,12
-24,-28
-8,12
4,28
0,32
0,-8
-40,0
-4,28
8,-48
24,-8
-8,16
20,0
0,-12
12,-4
-12,-8
8,-16
12,0
-16,-8
12,-4
32,-24
-20,24
-4,-4
8,-4
16,-8
-4,0
20,28
-12,4
0,-4
4,16
-12,12
16,0
-20,24
32,8
4,-4
-4,16
8,16
4,-28
0,12
-4,4
28,0
-16,8
16,-8
-4,4
-12,-12
0,4
12,4
-8,-4
-4,-8
-8,0
-12,-20
8,4
0,-12
4,-16
8,-8
-12,32
-4,0
-4,4
8,8
-8,12
-12,40
8,4
-4,24
16,4
12,8
-8,24
-8,20
28,-4
28,-8
-4,12
4,-24
12,4
0,-12
-4,4
4,-16
-12,8
-12,0
-4,-24
16,-4
-16,28
16,-4
-8,8
0,-20
8,-24
-16,12
-4,-8
24,24
4,0
28,-32
-16,0
12,-4
24,-12
4,0
-12,8
12,0
-12,20
-4,4
8,-12
8,4
-4,0
4,8
4,-8
-4,8
-20,-12
16,28
20,20
-12,-12
12,8
0,-4
20,20
0,12
0,0
-8,24
0,-8
12,28
-4,4
24,0
-4,12
-8,28
-4,0
-12,-8
-16,-4
4,12
24,-4
-16,0
-20,8
20,-20
0,-4
8,-4
-4,12
20,-12
4,16
24,-4
4,-28
-8,24
-4,4
20,4
-4,16
12,4
12,16
-4,20
-16,16
-8,4
-12,8
4,-8
28,0
0,32
-16,-12
-8,-4
4,16
8,-8
-16,16
16,-8
-16,16
-12,8
16,12
-4,-4
-20,16
-8,-24
-4,20
4,-8
-12,16
8,8
0,8
-24,0
16,-4
-12,-8
-4,-16
12,-24
28,36
-4,-20
-4,12
-8,-16
4,0
-4,-4
-12,4
48,4
-12,4
0,0
0,16
-12,-28
0,0
4,-4
16,8
0,16
-4,8
-4,-12
-8,24
0,28
20,8
12,-16
4,-4
4,20
16,4
16,36
20,32
4,-4
-8,-8
8,28
8,28
4,8
16,-28
4,-12
4,8
-8,4
40,12
-20,-16
-8,-12
20,4
4,-36
0,32
0,-4
20,12
0,0
-4,12
0,8
-12,12
20,24
12,-8
8,-4
0,28
20,-4
4,-4
-12,-4
20,4
20,4
24,-4
16,-4
-4,4
8,-8
-12,0
0,8
8,20
8,-8
4,20
20,-24
4,12
-8,16
20,-8
8,-4
16,28
8,16
16,-16
-20,-8
16,16
12,-4
8,0
8,12
4,0
16,8
28,-8
-28,-12
20,20
4,0
4,4
-12,12
4,0
-8,-12
8,8
-24,0
-28,24
-4,24
0,28
12,12
4,4
-16,-4
16,-16
0,4
-4,-4
-12,-16
12,8
-24,-28
0,-12
-16,24
28,8
4,0
0,0
-4,0
-12,16
-4,20
28,-8
-4,16
-16,12
8,12
8,-4
-28,0
20,-24
12,-4
8,-4
-4,0
8,0
-16,16
-4,12
36,-8
0,28
-28,20
-8,-8
24,36
32,16
0,-4
16,8
28,0
-16,24
8,12
0,8
-8,-20
-16,-8
8,12
-4,-12
8,8
20,16
-16,0
36,-4
0,20
0,-8
-4,0
-4,-8
28,0
4,-12
-12,-24
-16,4
0,24
-12,8
12,12
4,-12
16,-12
8,16
-16,8
28,24
12,24
-32,-20
0,16
4,-12
0,12
20,0
-16,-12
-8,-4
-12,-8
0,12
4,-24
8,-8
-12,8
16,-32
-12,24
0,4
-4,-8
4,-4
-4,8
4,24
24,8
-16,4
8,-16
16,-12
16,-4
-16,20
-4,0
28,20
-12,16
-40,8
32,-4
40,-4
-12,24
-4,8
-4,4
12,0
20,-16
12,0
28,-4
-16,4
8,12
12,16
0,8
-28,32
20,4
-12,8
24,24
-8,-4
-16,16
12,4
-12,4
-12,-12
-24,20
-20,0
-4,4
-24,12
12,0
16,12
-12,-4
-24,8
16,20
-8,-4
20,-16
-12,8
-4,0
4,-8
-4,-4
12,-4
12,-12
-8,4
8,4
16,-4
-4,8
-4,4
8,16
-12,0
-12,28
-4,8
-16,-16
4,12
8,8
-12,0
12,-12
-24,-8
-4,-32
16,20
4,20
4,-24
32,12
-16,20
8,36
4,-4
12,0
12,4
4,8
0,-4
0,12
16,-16
8,-4
-20,0
8,-4
0,20
12,-12
-4,12
32,20
0,16
-32,-8
0,0
8,-4
-20,4
-20,28
4,4
-8,-4
-4,8
0,-24
4,-8
8,-8
0,8
24,-4
28,8
-32,24
8,-4
12,4
0,24
20,-8
0,12
8,24
12,8
16,-4
0,8
4,-8
-4,16
4,0
12,12
-8,-8
-20,0
-8,-12
20,20
24,-12
4,8
4,-8
-16,-8
4,-12
0,4
4,8
4,-16
0,0
8,-8
-8,-16
0,16
0,4
-16,-12
28,-4
-8,8
0,-4
24,-4
0,0
28,16
16,0
12,16
-4,-8
0,-32
-12,-24
12,12
-16,-8
-20,-28
8,20
-8,0
-4,8
-12,-16
8,4
-12,4
20,-20
0,20
4,20
-8,12
8,0
4,0
0,20
-4,20
52,-24
-12,-4
-12,12
8,-28
-12,-12
4,-8
0,16
8,-20
-16,-4
8,0
-8,-12
-16,28
16,12
4,0
-24,0
-4,-4
12,-12
-8,4
-4,0
0,-12
-4,4
-4,-8
8,20
28,28
-4,8
-8,0
28,-12
4,-8
8,-12
-8,0
8,-8
12,4
0,0
4,-4
-32,16
0,-8
24,12
24,-44
-12,-4
0,4
-4,0
0,16
4,8
-20,20
44,-12
-28,-8
0,-12
12,-24
-20,-8
-12,-4
-8,28
-4,-4
8,0
-20,8
-16,8
8,28
4,-12
-16,-12
4,24
12,-32
32,0
-28,-12
0,8
-4,-4
4,12
-12,8
32,20
-12,-12
-8,12
12,0
-4,-4
-12,20
-12,0
-4,-36
4,8
-8,20
0,32
-12,16
-8,24
0,8
20,-16
-24,24
8,24
52,-4
-4,-8
-4,-8
0,24
-4,-8
-12,24
-4,28
16,-12
12,-12
28,8
4,24
0,-8
-12,-24
8,16
0,12
4,12
-8,-16
8,-20
12,-4
-4,8
0,24
8,-32
8,-8
24,8
-20,-12
-8,0
8,24
-4,0
24,-28
0,-20
4,24
12,4
4,4
-12,-12
20,8
24,-20
0,0
16,4
16,-4
-28,-4
20,-4
-20,4
-4,4
8,32
4,-12
16,16
-8,32
0,0
12,8
-4,8
-20,-20
8,16
-8,-32
-24,-12
4,16
-4,12
0,-20
0,16
4,12
-4,16
-12,20
16,20
0,-8
-16,8
16,12
24,-8
16,28
8,0
8,-16
-28,8
24,8
-24,8
4,20
4,-12
24,-20
0,20
8,12
16,24
44,-8
-32,-8
8,4
8,0
4,16
-28,28
-8,24
4,-16
0,4
4,4
8,0
-12,12
24,12
-24,-4
8,-16
-20,8
16,12
-12,24
20,8
4,-12
0,-32
8,12
12,12
-8,8
-16,-32
-16,16
-8,-20
-16,-28
4,-8
8,-8
8,8
12,8
4,8
4,-4
-4,-16
12,16
28,-8
0,16
-16,4
28,32
-12,-8
12,12
-16,-24
8,0
-8,-4
0,-8
8,0
28,-8
20,8
32,0
-8,12
-20,-4
0,8
-8,-16
12,-4
12,12
0,4
-16,-8
-16,8
-28,-16
-4,16
12,4
8,4
-24,-12
-4,-4
4,8
-12,-4
4,-12
-8,-16
8,0
28,8
12,0
4,-28
12,12
0,-24
8,0
-4,8
4,0
-4,8
20,8
-20,16
0,4
28,-12
4,16
8,-4
-24,4
16,0
-12,8
20,4
12,0
28,4
-16,-8
4,-4
-8,-12
0,-16
36,-4
8,12
-8,-16
-4,12
-20,16
0,0
8,-12
0,-16
12,-12
16,20
8,-8
4,12
0,-24
8,16
-12,-8
-4,-4
8,-8
-20,-4
16,12
-8,24
-8,0
-4,0
20,-4
0,-8
-4,4
16,32
-20,-4
-8,-28
-8,-4
16,8
36,-24
-12,-16
12,4
4,-24
-8,-4
0,28
16,8
-20,-36
-4,8
0,-24
-4,-8
-4,-4
16,28
-8,-4
-4,4
-12,16
-4,8
-12,24
-24,24
8,20
8,0
-4,4
8,-4
20,36
4,0
12,-8
4,12
12,-28
8,12
12,-28
-20,12
-8,8
-16,-16
-12,-12
4,12
4,-16
4,-24
8,12
12,44
0,-8
-12,8
8,24
24,12
16,-12
-4,20
0,0
12,-20
-24,12
-4,12
0,-20
24,24
0,8
12,8
4,12
0,8
4,-16
0,4
-12,4
-16,-12
-8,12
-8,8
16,-8
24,44
12,12
FwVersion,SampleSize,Seconds,Picoseconds,CentreFreq,Bandwidth,OffsetFreq,GainIF,GainRF,RefLevel
2.6.3,1024,1372096343,978475100000,2400000000,125000000.00,0.00,0.00,-30.00,33.00
-4,16
-4,20
-8,-16
-4,4
16,0
-4,16
4,0
-12,16
-28,0
28,12
4,-8
24,0
-12,16
4,0
8,-8
0,12
20,-12
4,-8
16,8
-12,20
8,16
8,0
0,-8
8,8
-20,24
-4,20
-20,0
-8,40
4,-12
36,-16
-8,8
8,0
28,-4
8,24
-4,8
-8,-16
0,-4
-4,-12
-20,-8
4,32
16,12
-12,-28
-24,0
20,-24
-4,-4
16,0
8,0
8,8
8,-32
20,-8
28,4
-4,16
4,0
8,8
12,28
-12,32
12,16
8,-16
20,16
-4,-12
0,20
4,8
28,-12
-12,4
-4,16
-8,8
24,-8
16,4
20,-12
-16,-12
4,20
8,-4
4,-12
-12,0
16,20
12,8
24,-8
8,0
16,32
8,-4
-8,12
-16,12
12,0
-4,8
20,-4
20,-16
0,-8
4,-16
16,0
16,0
-16,20
8,-4
-28,0
8,-4
0,-4
8,36
4,-16
-4,8
-12,8
-8,0
28,36
44,12
-20,4
-16,-16
-4,16
8,16
20,4
4,28
4,-8
-12,20
-8,-12
-20,-36
8,0
8,-4
16,0
12,0
-8,8
0,-16
0,0
16,24
-4,-20
-4,-20
0,-32
-4,-4
-8,0
4,-24
0,-4
0,0
20,-24
4,0
0,16
0,0
24,-4
12,20
0,12
16,8
-8,-32
12,12
8,32
8,0
-28,-16
8,-12
-4,-4
8,0
24,8
0,-8
-4,0
28,-4
8,24
0,16
28,12
8,-12
-12,0
8,8
16,-8
12,0
8,20
4,28
8,-20
0,20
-12,8
24,12
12,-32
-20,-4
-8,0
8,4
4,-8
20,8
4,0
-32,-8
-12,8
-20,12
4,20
24,-8
-16,-4
0,-20
12,8
0,0
-8,20
16,16
4,-4
0,8
-8,20
4,-16
-8,0
-4,4
24,-4
4,16
-24,8
4,-16
-8,-8
-4,-28
0,4
12,-4
-16,0
-16,8
-4,12
-16,-8
0,24
8,-16
-12,8
4,12
-12,4
-4,24
-8,12
-16,-4
-8,8
12,4
-4,24
4,4
32,20
12,4
-12,0
-8,-8
-12,20
24,-4
-8,-4
4,0
-12,-4
-4,4
4,-40
12,12
-20,8
20,36
20,20
4,-12
-4,-4
4,8
-4,16
28,-4
-4,28
12,-8
-20,4
-8,16
-12,12
0,8
4,-20
20,16
4,24
8,12
0,4
8,8
-4,-4
16,-12
-4,12
8,0
8,0
-4,4
-8,12
12,16
-8,12
-4,-8
28,28
-12,-8
12,0
40,24
-12,28
0,4
-40,4
28,0
0,-12
24,4
-16,0
8,0
28,-8
12,20
8,4
-4,-16
4,0
12,12
-12,-20
12,0
4,4
12,-8
0,4
16,-24
12,16
20,12
4,36
20,0
20,-12
-12,28
-24,0
24,8
-4,0
-8,0
8,8
-8,-8
-12,4
4,4
4,-8
4,-8
16,4
-20,24
20,0
0,12
4,-20
16,8
4,-16
0,-4
16,12
0,4
-28,4
-12,8
0,20
-8,16
8,-16
4,-4
16,-8
0,20
20,24
4,-12
16,8
-8,-4
-4,-24
-12,20
16,8
-8,0
4,24
24,-4
8,12
-8,0
8,24
12,-8
-8,-32
-4,0
8,28
4,-16
-8,20
-8,12
-32,8
12,16
20,-12
16,0
-4,12
-16,-8
24,4
-4,24
-4,-4
4,12
12,16
0,16
8,4
24,-4
-12,8
-4,0
36,16
-8,-24
-4,4
-8,4
-4,-28
4,32
-20,8
12,16
-20,0
32,4
-4,0
12,4
-16,-12
0,-8
8,12
0,20
4,12
-24,-16
-28,-16
16,28
-8,32
-8,-32
-12,8
12,12
8,8
0,12
16,-8
-8,12
16,8
4,-4
0,-4
0,-8
8,-8
-16,4
-12,4
-12,-12
-16,-12
24,8
0,0
-8,-28
16,8
-12,0
-12,-24
8,8
16,0
-8,0
8,-28
-4,12
8,32
4,0
4,-4
24,0
-8,0
20,4
24,-32
-4,12
20,12
-20,24
4,-4
4,4
-32,-8
-20,4
16,12
12,4
0,4
12,-20
-16,0
12,0
8,-20
0,12
-4,24
-8,48
-8,12
24,-8
-4,-4
-4,0
-4,8
4,0
-4,-16
20,-12
48,-4
4,0
0,12
0,-4
-4,-32
8,0
16,28
0,-20
0,-40
20,16
4,8
4,4
32,-12
20,16
16,8
0,-4
24,-20
4,4
0,8
-24,4
8,0
4,4
-12,-16
0,16
-24,12
24,-4
-8,16
-12,-4
32,-4
4,-4
0,8
-4,16
-4,0
8,-12
0,4
4,12
0,0
8,0
12,12
4,8
0,-16
8,4
32,20
0,-4
12,16
4,28
-4,-4
20,4
0,0
4,28
8,-4
20,28
-16,-12
8,16
28,16
-16,4
16,8
16,4
16,-4
-4,-16
-4,-4
8,4
-4,-20
-12,-4
16,-4
8,24
4,-8
4,4
24,-12
-20,-8
24,-20
-16,12
28,28
-20,12
24,0
-16,4
-20,4
8,-44
8,32
0,4
4,-4
-12,4
-12,-20
-16,8
8,-8
28,-20
20,12
8,8
4,4
16,0
8,16
24,-8
-12,12
-12,8
8,-36
0,4
12,12
-8,8
12,28
-16,-28
8,-8
8,16
-12,36
-12,-28
20,0
20,12
0,12
32,12
8,4
-12,-8
24,-4
4,8
16,12
8,24
-8,4
16,16
-24,-8
-4,-8
16,8
4,4
12,12
0,-20
8,0
-20,-12
4,0
-16,24
32,-4
8,-4
-16,32
12,-8
-16,4
8,-12
16,8
-4,8
-4,-4
-12,-4
8,16
24,20
8,-24
12,16
-8,4
16,8
-4,8
16,-4
4,8
4,-8
24,28
20,-16
-12,-4
-16,-4
4,-8
8,8
16,24
-16,20
4,-4
-12,16
0,8
20,4
-8,16
12,12
-8,-4
0,0
-32,4
28,8
12,0
12,-20
8,12
32,-24
44,0
0,4
16,24
0,-24
-4,-24
12,-20
8,24
-8,-12
-16,0
24,-4
16,-4
12,8
-20,-12
8,24
-16,16
0,-24
-4,12
12,-12
-8,24
12,-4
-16,4
0,8
0,-16
8,0
4,0
0,16
20,-20
8,12
4,4
20,4
-12,24
0,0
-12,4
-8,8
-16,-4
4,-20
-4,8
4,24
20,0
-8,-12
-8,-28
12,-4
4,20
16,-8
-24,4
0,28
28,24
0,-8
20,28
20,-4
4,-4
12,-8
4,-24
-8,-4
8,16
28,-8
0,-8
-8,16
20,32
0,-20
0,28
0,-8
-16,-4
12,-8
-8,-8
0,36
8,-8
0,0
16,0
16,-12
-8,12
4,-8
-8,4
0,-8
-20,4
8,-32
-16,-12
16,12
-24,24
16,0
20,-12
4,28
-4,0
20,0
4,20
-4,-12
-20,-4
12,-4
8,12
-4,4
-16,-28
8,4
-8,0
-4,0
-16,8
24,0
-4,-4
16,-12
4,20
-16,0
20,16
0,12
16,16
-28,16
-20,20
4,-12
8,4
20,-16
4,-4
-16,16
-28,8
-12,12
20,-12
16,-8
12,20
16,-4
8,8
-4,-12
4,8
0,4
16,-4
4,0
-4,0
-4,-16
-16,8
8,24
12,-12
-12,8
20,-16
12,4
12,16
0,24
-12,-4
-4,4
8,24
-4,-8
20,-8
4,16
-24,-32
-4,32
16,-24
24,8
-4,-16
-12,0
0,-8
12,0
8,16
8,8
-8,-12
16,-8
12,-4
-16,16
-28,12
4,-24
-4,4
4,-12
4,4
-16,0
12,4
16,-4
4,-4
-16,20
20,20
0,-8
28,0
-8,-16
12,16
24,-16
-12,-20
32,-4
-8,-4
-24,8
16,20
-16,-4
8,-4
4,0
8,8
-4,12
28,4
0,8
-8,-20
32,0
8,-8
-8,16
12,-8
0,16
12,16
-12,-16
4,4
8,-12
20,8
-4,24
12,-16
0,16
-12,16
0,8
-4,12
-4,16
24,0
-8,16
4,-12
-20,-4
0,12
24,20
-24,12
4,4
8,16
-8,12
-12,8
12,0
-8,-8
8,8
20,16
-24,-16
-12,20
4,32
8,-4
-28,0
-8,-16
12,-20
-8,0
-4,-4
-20,-8
24,-8
4,4
-12,-4
12,-4
4,4
-16,-16
0,8
-8,-12
0,-16
12,8
4,-16
8,-16
-8,28
4,16
12,4
-16,-12
16,-36
-8,-8
-4,-4
-12,-4
-8,-8
4,4
8,20
-12,-12
0,24
4,0
0,-4
0,12
24,-12
-4,-16
-8,24
16,4
4,-24
20,-12
-16,0
4,32
8,-40
-8,-4
0,-8
16,-16
-4,28
-4,8
0,0
4,8
12,-20
-4,-16
8,4
16,-12
-8,-16
4,8
16,8
16,-16
-4,-8
-8,16
-4,-4
4,-4
24,0
28,28
-24,4
-4,-28
-20,20
-4,8
4,28
-16,20
-4,-16
-20,40
-8,28
32,-24
-4,4
20,-24
-16,4
8,20
4,0
8,16
4,-20
8,4
12,-24
-12,-8
16,4
-4,8
-4,-12
4,0
0,-4
0,-20
-4,-28
24,44
-8,-16
-16,4
-4,16
4,0
-12,0
-4,-12
24,12
-20,8
0,4
-8,-8
0,32
-20,-20
-4,-4
-12,-4
-12,0
0,8
-12,24
-4,12
-12,8
-20,-12
-8,-24
0,8
12,0
-16,-20
0,40
-8,-8
24,-12
16,8
12,4
24,-8
-20,-12
0,0
-4,20
0,-4
4,0
16,-12
-4,12
-20,4
28,-4
-4,12
-24,8
-16,16
12,0
-12,8
-8,0
16,16
-8,-4
8,-12
0,4
-12,28
-20,-8
8,-4
8,8
28,16
-12,0
-16,8
16,4
20,0
12,20
-28,4
-24,8
24,0
-28,24
-4,20
-4,-8
8,8
16,-8
32,4
12,24
-8,4
-12,-4
16,4
8,12
-16,8
20,8
-4,-4
-28,8
0,-20
-16,-8
12,12
-4,8
-4,36
12,-20
-28,4
-4,0
12,20
16,0
0,0
8,8
-28,-8
4,-12
24,8
4,0
-4,-16
-4,16
-12,32
16,0
-20,-12
0,0
-16,0
4,-8
0,20
8,-12
-4,24
8,-8
4,12
-16,24
8,-4
16,8
12,-20
28,-24
-44,0
-8,-16
20,12
24,-4
0,-28
20,-4
-24,12
20,4
20,-36
-20,20
FwVersion,SampleSize,Seconds,Picoseconds,CentreFreq,Bandwidth,OffsetFreq,GainIF,GainRF,RefLevel
2.6.3,1024,1372096343,979474800000,2400000000,125000000.00,0.00,0.00,-30.00,33.00
8,8
4,20
-8,-20
4,4
-12,-12
4,16
4,-4
24,4
4,28
-4,20
4,-4
4,12
-16,8
4,12
16,-24
-4,-24
-24,-8
4,16
24,-16
-20,4
8,24
4,-16
12,-24
-20,-4
-8,4
8,8
12,0
0,20
8,-20
4,16
-8,-16
20,4
0,0
-24,-8
8,12
12,20
8,0
8,-12
-4,4
0,-36
20,12
16,0
-8,8
16,-8
-8,4
-12,12
12,8
12,-12
12,8
-8,4
-16,-4
12,-16
12,4
28,32
0,8
-4,-4
-4,16
8,8
12,-16
-16,8
20,-20
8,0
4,0
-4,4
8,24
32,-16
4,8
-4,32
0,24
32,4
-12,12
-8,0
20,8
8,-8
12,-8
8,-28
4,12
-12,0
4,0
20,-8
12,-20
8,-8
-20,0
12,16
4,-8
-24,-4
16,28
8,-4
20,-4
8,-16
12,-28
24,-4
-4,24
8,24
4,8
44,-8
-16,0
16,32
-8,-8
4,4
8,-4
-16,-12
-4,0
24,-8
-4,-20
-8,12
12,-12
-8,0
0,8
-4,16
8,-4
-4,-8
-4,24
-4,-4
8,8
0,-16
0,8
-12,24
4,-16
-4,-8
16,4
8,12
4,-4
-4,-16
-4,52
8,-20
8,-8
-4,-16
0,4
16,12
0,-8
-20,36
16,-4
0,-32
-12,0
4,0
-8,-24
16,-28
8,36
-8,20
16,-4
-28,12
12,20
12,0
-4,-8
0,36
16,0
0,-32
0,8
36,12
-24,20
-8,12
8,8
28,8
-12,-4
-4,8
24,16
-16,-28
-16,-24
12,24
-20,-8
-8,12
-8,36
-4,0
24,-4
40,-16
32,8
-20,-8
-12,-8
16,8
28,-16
-8,-4
32,-8
36,0
16,-12
0,-16
0,4
-24,28
0,4
-16,16
0,-8
-4,40
-12,-16
12,8
-12,4
12,4
-32,20
4,12
8,8
4,-16
16,12
4,36
4,0
-8,8
-20,4
-4,-8
20,12
24,-16
-20,8
-4,-4
-12,8
12,8
12,8
16,0
-16,12
-20,4
16,0
4,-8
-12,-16
4,20
4,4
-20,28
4,8
-32,-8
-4,-4
16,-24
-8,12
0,28
-16,0
8,-16
12,4
-8,16
-4,4
28,-16
0,0
-4,8
8,-4
20,8
4,24
4,-4
4,-12
4,-12
-24,-12
-8,24
-8,20
8,-12
12,-4
-12,-24
8,8
4,4
-4,12
-4,-16
4,8
0,28
-16,40
-4,-4
-8,-8
-4,12
12,20
8,12
20,28
-12,20
8,-16
-4,-8
-4,28
-24,8
8,8
24,-16
-20,-8
-4,-4
0,-24
0,4
-20,8
8,-12
-8,-16
-36,8
24,20
-8,-12
4,-8
12,-4
0,-12
0,-16
-4,-12
0,24
4,12
0,-12
-20,16
-12,-4
-20,8
32,8
4,4
8,20
-4,0
0,-4
-8,12
0,16
8,0
28,16
0,0
4,-4
-12,4
0,16
-8,-4
12,0
20,-16
8,16
8,-12
8,-4
-4,8
-4,12
0,8
16,12
0,8
-8,-8
-12,0
-20,-8
-20,16
12,-16
-16,12
4,12
0,12
-16,8
-12,0
-4,8
0,-28
0,24
-12,-4
16,32
8,-8
24,24
24,-12
-8,4
4,4
-8,-4
0,16
0,-16
16,-12
-12,-8
12,-28
-8,-8
-12,4
24,0
16,-4
-4,-20
0,-4
-24,32
4,0
4,-12
12,-16
20,4
4,12
-52,16
8,-8
12,-20
8,-28
-28,0
4,20
8,4
-12,-8
-4,20
-8,-24
4,12
16,12
20,12
-12,-4
8,0
-4,12
20,12
8,-24
-8,8
8,12
-16,-4
-24,-4
4,20
12,4
-4,4
0,-12
-16,4
28,-8
8,0
8,0
12,16
16,-20
8,0
4,0
8,-20
4,8
8,4
4,12
-8,8
8,-20
-8,12
4,4
4,-16
-16,-12
12,0
-20,0
0,4
32,4
-20,8
-4,-16
-8,8
-36,4
-12,-20
12,0
-8,-8
8,-4
4,16
-4,-4
-16,12
-20,-4
-4,0
12,4
16,0
4,52
-12,-16
-8,0
-12,-4
20,16
8,-4
24,12
-24,-8
-8,-12
-8,8
-4,8
0,0
4,-32
-24,4
-8,-8
4,4
0,28
4,-4
-12,-8
-16,8
-16,8
0,28
-4,-16
28,12
0,44
-8,4
0,8
-8,20
-8,28
8,28
0,8
-4,4
0,12
20,-28
-4,-4
-12,0
-12,16
-16,-4
-12,16
-12,-12
-20,12
-12,-12
20,12
-4,16
8,-8
-12,32
8,12
24,16
-20,-16
20,4
16,4
-16,28
-8,4
8,-20
0,4
-8,24
12,20
0,4
0,0
24,8
0,-16
0,8
8,0
0,24
-8,-4
24,4
12,0
0,20
4,-12
20,-16
-8,8
-8,12
0,12
16,8
24,-28
-8,28
0,12
24,-24
-12,16
20,4
16,-8
-12,-12
-12,4
12,4
4,-8
8,0
-20,0
-12,-20
-8,-12
-12,-20
4,-4
4,0
-4,0
8,24
20,24
0,12
-16,0
12,-8
0,16
12,-4
12,-20
-16,28
40,4
-24,16
12,12
20,12
-8,4
28,24
-12,-12
4,-8
0,4
-4,-20
20,16
4,28
4,4
4,4
32,-16
0,8
24,24
-4,28
28,28
4,4
-4,4
24,4
-12,36
12,-8
32,4
0,8
-20,20
16,-8
-16,0
24,-16
0,24
28,-20
4,8
4,-8
0,8
40,8
-20,36
-4,12
20,4
-20,-8
24,24
32,-8
12,-4
12,-4
16,8
-12,0
-16,32
-8,0
20,-8
20,12
-16,20
0,-12
16,16
8,-4
0,20
-12,0
32,-4
12,0
0,28
-4,-8
16,-16
-4,-16
-4,32
36,12
-4,0
-8,-4
0,-8
12,12
12,-4
0,0
-4,0
-4,4
36,-4
8,-8
8,4
-20,20
20,-20
12,8
0,4
0,16
20,-8
-12,8
4,24
-4,-4
0,4
-12,-20
16,16
8,4
16,-12
-12,8
16,-4
16,-4
-24,16
24,-8
12,20
4,4
12,-12
8,0
-4,16
-12,28
8,-12
20,-12
0,24
8,-12
4,24
8,4
4,8
-4,8
12,4
12,-16
28,-4
0,20
8,-4
-16,8
28,-12
0,4
8,12
-8,0
-12,8
24,0
-4,4
-12,-4
12,24
-8,-8
8,-8
0,4
-20,-12
12,4
-4,32
4,4
12,-4
-4,24
-20,12
0,-4
32,12
-20,4
-4,-4
12,0
-4,4
20,4
4,-8
-12,16
-4,8
-4,8
-12,-20
-4,4
0,-4
12,-12
0,-16
8,4
-8,16
-4,-12
-20,-8
4,4
-8,4
-8,-4
-4,4
0,-8
-16,4
-4,16
-4,24
-12,-8
-16,36
4,0
8,-4
-16,-8
-16,-4
8,4
-20,8
16,0
0,32
0,8
-32,20
-8,-4
-16,-8
-12,-4
-4,-16
32,16
16,20
-8,-16
28,0
-8,24
16,-36
-4,-24
20,16
-8,-4
16,-4
0,24
-16,-24
-20,0
-12,-4
-16,0
4,-16
4,16
-4,-4
8,8
-20,0
-8,-16
20,-12
-24,4
0,4
20,-4
8,16
-12,0
-8,-8
0,8
-8,24
4,0
-20,-8
4,-16
-8,16
32,-28
12,24
0,12
20,4
4,0
-16,12
0,28
-16,-16
-20,32
0,8
-8,20
-8,4
16,-4
0,-16
-8,-4
-16,-24
24,0
8,12
4,-12
-12,-4
-16,24
12,-16
-16,-12
0,-12
-8,8
0,-8
4,-32
-12,8
-12,-4
-8,12
-8,-4
-8,-20
-12,-8
0,8
12,-12
24,16
4,48
-4,-12
24,12
-4,-4
-24,0
-16,-4
-4,-4
0,0
-12,-32
-16,8
4,4
0,-8
-8,12
20,-4
-4,12
-20,4
-4,4
24,16
20,-4
-12,4
16,16
-12,-12
12,-8
12,-8
8,-4
-12,4
8,16
20,8
-8,0
16,-24
12,-12
-4,8
0,16
8,8
4,-8
-16,0
24,12
-8,20
-8,-4
24,24
16,-8
24,-16
-4,-8
-4,4
4,8
8,0
-28,-8
0,16
4,-4
0,0
36,-12
0,8
-16,0
4,36
0,-28
-4,4
24,8
-12,-8
16,0
16,8
0,-20
8,28
0,0
4,12
8,16
8,0
-20,-4
0,-8
0,12
28,12
12,12
16,0
12,0
-4,16
0,8
-4,-4
8,16
4,-24
16,16
8,12
8,0
16,0
16,-4
0,8
20,-4
-8,12
8,20
0,-12
12,4
-12,16
24,4
-4,0
0,4
4,-24
0,-20
-12,0
24,8
-40,12
0,-8
-20,4
36,-4
-8,20
-20,0
4,-16
-4,-8
-16,12
-8,0
20,0
4,-12
-36,0
20,-8
-4,20
-4,-32
0,8
16,12
0,-12
-8,12
36,0
-4,16
0,12
0,-4
0,-8
-12,-4
-16,-36
-8,12
0,0
20,0
0,-4
8,16
16,-12
8,20
12,0
-40,8
16,8
8,16
12,8
8,-4
-32,20
-12,-20
16,12
-4,-8
4,-20
-4,-4
16,-8
12,4
-4,28
4,-20
20,16
16,-4
0,4
-8,0
-4,-40
-4,0
4,-4
16,0
16,12
4,4
24,-16
24,-4
16,-8
0,-4
24,-12
12,12
-20,4
12,4
0,0
-8,8
4,-4
-28,20
-16,4
4,12
8,-8
4,0
4,12
16,-20
-4,24
-4,20
0,8
4,32
8,-12
0,-28
-4,24
-16,-8
20,4
-12,-8
4,-8
-4,4
4,20
-16,-20
8,-16
4,0
-8,16
0,8
8,28
-12,12
4,12
4,-4
-16,16
-4,12
-8,0
0,-4
-16,-12
-16,-12
24,-8
16,8
-24,-12
24,8
12,24
4,-4
28,8
24,-28
-16,0
8,12
0,-16
4,-8
-4,-8
4,40
-16,-8
0,-8
16,-12
0,-16
4,4
-4,8
4,16
4,-12
12,4
20,-4
-16,-8
16,0
20,0
-32,16
4,-16
-20,16
-4,28
-8,-40
8,8
-12,4
20,-20
4,8
12,28
8,-8
-4,0
12,0
-20,-8
4,12
24,-12
0,24
-4,20
20,8
-12,12
-8,8
24,4
0,-8
0,-20
16,-4
0,4
20,16
4,12
-28,-4
16,-12
0,8
4,0
-20,4
-16,12
20,4
4,20
8,-16
16,32
0,-4
-8,-8
0,-12
FwVersion,SampleSize,Seconds,Picoseconds,CentreFreq,Bandwidth,OffsetFreq,GainIF,GainRF,RefLevel
2.6.3,1024,1372096343,980516300000,2400000000,125000000.00,0.00,0.00,-30.00,33.00
-8,-4
-4,-12
0,16
12,28
-4,-4
-12,4
-16,0
-4,-8
-24,12
-24,-16
-8,24
12,4
16,-16
-4,12
-4,0
16,8
-4,12
0,-4
-20,4
20,24
4,8
-16,-20
8,20
24,-12
-32,-8
-8,4
-12,8
-12,0
0,24
-12,-16
16,-8
8,-24
4,28
12,8
4,12
0,-4
4,-16
-4,28
4,-16
-8,20
-8,4
-4,-4
0,12
8,12
4,-8
0,12
-24,8
0,-28
8,24
-8,-4
-4,-32
-4,12
16,4
0,-8
0,-12
-12,-12
0,-4
-12,-12
-4,0
0,-12
-20,-4
-8,16
8,0
12,-16
16,-4
4,12
12,-12
-12,24
24,0
20,12
8,-16
-16,16
8,16
-24,-28
0,-16
8,0
12,24
32,-24
12,12
8,12
12,-4
0,-4
8,8
-12,8
12,-8
-12,20
28,8
-12,0
8,28
12,-8
28,-4
-8,-12
0,-4
4,16
24,20
12,-16
0,0
0,16
12,-4
-8,-4
24,12
-16,20
12,-12
-16,36
8,-8
4,0
-4,0
28,-24
8,12
-8,4
12,12
24,4
16,8
-12,8
4,-24
-20,8
20,4
-4,16
8,-4
-36,-4
-4,4
28,-24
-4,0
-20,12
12,4
0,4
-8,-4
-12,20
-4,-8
-16,-4
24,0
16,-20
20,8
0,0
0,28
0,0
-4,-8
-16,4
8,-20
-16,-4
-12,-20
4,-12
4,-4
8,12
-24,-16
24,-4
24,0
4,4
24,8
-24,-20
-8,0
-4,8
20,8
-36,8
16,-4
20,36
36,20
-12,-20
-4,-8
4,4
-16,0
28,16
20,-8
16,-12
-4,-4
0,4
8,0
-20,0
16,4
-4,-12
12,0
-16,-12
-12,4
-12,0
-16,-24
20,0
20,4
-12,16
-8,0
0,-8
4,-4
-24,-4
16,-4
-12,4
16,12
-4,4
-24,-4
12,-24
16,32
24,-4
-8,8
-4,32
0,4
-12,16
-4,12
8,12
12,4
16,28
20,-12
16,-8
36,-32
0,-8
0,8
-8,8
-20,-4
0,4
8,4
12,0
0,32
-4,8
8,-4
24,-32
16,20
-8,8
-8,16
20,12
32,4
20,4
-12,12
16,0
0,-4
-8,4
0,-20
-12,20
28,-12
-12,12
36,16
8,-8
12,8
-8,-12
8,0
4,-8
8,0
12,-16
20,-16
12,8
20,-4
24,4
12,-4
0,0
24,4
0,-4
12,28
-4,12
8,16
-8,-24
4,20
-4,24
-20,-4
-8,20
0,-8
8,0
16,0
12,16
-8,12
0,-40
20,-4
-20,16
-4,-4
-8,-8
-16,-4
4,20
8,4
8,12
-8,-4
16,-16
8,16
-12,0
-4,-28
0,24
-16,4
4,-12
0,0
-4,-32
0,12
-12,-8
-12,-8
4,-8
-24,12
28,-12
8,16
-12,16
8,20
20,-8
4,16
4,20
8,4
12,-4
-4,4
-12,-20
32,-16
8,8
8,20
12,-12
20,-16
0,4
-8,-20
4,16
-12,-8
16,4
-8,-4
-4,4
4,20
-4,-4
8,-40
4,0
-8,-12
0,0
4,-4
-4,0
-12,8
16,-4
20,4
-4,-24
-4,0
0,4
-12,-8
-20,-20
20,8
20,8
12,-12
4,-8
-20,20
-4,-12
-4,8
8,-20
-20,12
0,-4
-8,20
0,-24
0,-16
0,-4
-4,-8
24,-8
-20,-16
28,-16
-16,0
12,28
24,24
20,8
8,-16
-8,-4
-8,16
0,-8
-8,-12
-24,12
0,0
4,8
4,12
16,-12
-8,-24
8,-8
-20,-16
-12,16
-20,16
20,-28
0,8
4,0
-4,4
-8,4
24,-4
0,-16
20,20
8,-8
-12,16
-4,-4
12,12
12,16
-24,-12
4,-4
-4,32
-20,-8
8,20
-32,-8
12,24
16,4
12,-16
-8,0
16,-8
16,12
-20,4
16,24
16,4
-4,-20
24,4
16,8
16,-16
0,-4
-8,-4
4,-8
24,12
-8,-16
-4,-20
16,-8
8,16
0,-24
0,8
-8,8
-8,-12
20,12
16,8
-12,-8
-20,12
12,8
4,-4
8,32
-4,12
20,4
8,16
4,12
-8,16
24,0
-4,-4
-24,24
16,-4
4,20
8,8
16,-4
-8,-20
24,12
20,24
-8,8
-8,-20
-12,-16
4,0
-16,28
-4,12
-8,0
-28,-16
12,-12
0,20
4,-4
8,8
-12,4
8,8
12,0
-16,0
-12,16
20,20
0,-16
-8,4
-8,0
-24,16
-4,8
-4,0
20,4
8,-4
0,-24
24,20
12,40
-8,8
12,0
24,-12
24,8
8,-8
4,-4
52,-16
-8,-4
8,8
4,20
16,12
-20,0
8,-4
8,4
16,16
0,4
24,16
12,-16
-4,-8
12,8
0,-28
-28,-12
32,-16
28,16
4,4
0,-8
12,-4
4,24
-28,-16
-4,-28
24,32
-12,0
0,-8
4,4
4,12
4,-4
-12,0
20,8
16,8
28,28
20,4
20,4
4,16
0,16
24,8
0,-16
8,16
16,-12
-8,8
16,-8
12,8
4,-16
0,12
16,0
16,4
20,-4
4,-20
0,-12
-12,8
0,-16
8,0
8,4
4,-4
0,-16
0,0
-4,16
8,4
-4,0
-20,-12
16,-4
-4,8
-4,28
-12,12
4,12
0,-4
8,0
-4,8
-12,16
44,-20
16,-8
0,20
-8,-12
12,16
-16,-4
8,-4
-4,12
4,-12
-8,8
4,24
36,4
4,4
12,16
16,-28
-20,20
-8,8
4,-24
0,24
-4,-16
-8,8
-12,20
-16,-4
16,4
12,8
36,-8
-24,0
-4,0
-8,-4
-4,12
28,8
-24,12
-24,-12
16,16
0,4
-4,0
-8,24
28,0
0,-20
-4,0
20,-4
4,0
0,4
-28,4
-16,-12
20,12
-16,-16
-8,-20
24,16
-12,-8
28,12
-16,-12
12,-24
-16,0
-4,20
4,-16
20,-4
4,16
-8,-12
4,-40
-4,16
8,12
-4,-12
16,-12
-8,-8
-4,12
36,12
-4,-12
16,8
16,-4
8,-4
-4,16
4,12
20,16
20,-12
12,16
-4,8
-8,-32
-8,28
-12,4
16,4
0,-20
8,20
-4,-4
-8,-8
-12,12
-12,-12
4,-8
-8,-4
16,-4
8,-12
24,16
12,8
8,-8
-4,-28
4,20
24,4
-8,-12
4,8
-20,-12
20,-12
0,8
-24,-24
16,8
-20,-36
-20,16
0,16
16,-20
16,-24
20,0
12,4
8,4
-20,8
20,-8
8,24
4,28
-8,-4
0,-8
-32,-12
12,16
20,-28
0,12
-4,16
-12,-4
8,12
-20,8
8,8
-8,0
8,12
32,0
-28,0
12,-4
12,24
8,-12
-4,12
0,-16
8,-24
-12,-12
28,8
0,-16
-4,-12
8,-4
0,-8
0,-4
0,4
4,-12
4,-8
-12,-12
-12,0
0,0
4,12
-8,8
-8,4
4,-16
12,-4
-8,0
24,4
16,-16
-4,16
-16,-4
24,36
0,-36
0,0
-8,-4
20,28
4,20
4,-4
-16,8
16,-16
-8,0
4,-12
24,0
-12,4
-4,16
8,-12
-8,4
28,8
4,8
20,16
4,-12
4,-20
-4,-16
12,-4
8,24
4,-20
-16,40
24,0
0,-12
-16,-16
0,-20
24,12
-8,4
-16,4
16,-4
0,0
-16,24
-4,0
16,28
16,-12
16,12
-16,40
-12,-4
-4,-32
8,-20
16,4
-20,-12
4,-20
-4,-8
4,12
-12,0
-4,-4
4,4
20,20
16,0
-4,-32
8,-4
-8,0
12,-8
24,12
-16,20
-4,4
-28,4
20,24
-24,32
-12,8
0,20
24,-4
-16,16
4,-8
4,-12
0,-4
8,12
-12,-8
20,-28
12,28
4,0
-8,0
-12,-12
-4,0
24,12
-16,-16
16,0
36,0
-8,-12
-24,-4
-4,0
8,8
4,-4
20,0
-4,-12
-4,-4
8,-8
12,0
8,-8
4,-16
12,0
-20,20
16,8
32,-32
-28,-8
-4,-4
4,-4
-4,16
-12,8
0,0
8,20
8,-8
-12,16
4,24
12,-20
-36,8
12,-4
12,4
-12,4
0,4
24,-24
8,4
-12,-20
-4,8
-12,8
12,-8
12,-16
0,16
-8,4
-28,-8
-4,-8
4,4
8,-4
8,4
-4,4
4,16
-8,0
24,-12
-8,24
-8,-4
20,-8
0,-12
12,-16
24,-16
12,4
16,20
12,12
-8,0
28,16
20,4
0,0
-8,24
12,-16
20,24
0,0
-4,4
-12,-24
24,-8
-28,8
-12,4
12,12
0,12
12,16
-8,4
12,32
0,12
-12,12
8,-8
8,0
-12,4
0,8
-8,24
4,12
4,-20
4,36
-8,8
-12,-16
-12,-8
-4,-4
-8,4
0,12
-12,0
-8,24
-8,0
8,-32
0,4
-8,32
20,4
-8,4
8,-20
0,4
4,24
12,28
0,-24
16,8
-8,-12
24,-4
-16,-12
20,8
-8,24
4,0
0,16
4,16
20,0
4,0
8,-8
-12,12
20,16
4,-20
12,0
20,-12
0,12
24,8
0,8
4,16
4,8
4,20
-8,20
-8,-12
-4,-4
-32,8
16,8
16,-20
4,4
-44,24
-12,-24
40,-12
12,24
-8,-36
28,12
4,8
-12,4
0,-12
4,8
12,36
-8,-16
0,0
-12,8
0,-28
12,8
0,-4
20,8
0,20
-8,-12
4,4
12,-8
16,-8
-8,-24
16,-12
-4,4
4,12
4,0
8,8
4,-8
16,-12
-12,24
24,20
-12,-16
8,20
0,16
0,4
-24,0
-4,16
12,20
-4,-32
12,-20
8,-16
12,-12
-12,8
4,-12
16,16
-4,12
-16,-12
4,24
16,-4
16,4
8,-8
16,-8
-28,4
-12,16
8,16
-12,4
0,4
12,-36
4,8
16,24
4,-12
16,12
16,-20
-8,8
-4,0
-4,-32
8,4
-12,-8
-4,-4
-20,12
-12,-20
20,4
-12,-8
0,16
0,-20
24,-4
24,-8
-16,0
0,16
-12,-12
-8,12
0,8
-4,28
20,-8
16,-4
16,0
-28,-4
-4,8
24,-8
-8,8
12,8
-8,-20
16,0
-4,24
-16,-8
16,-20
16,24
20,16
0,8
-8,-4
-4,0
-12,-32
0,-8
-20,-20
-12,20
-4,-8
20,-4
-8,4
-4,8
8,-4
-8,0
-20,-20
12,-8
8,8
32,-4
FwVersion,SampleSize,Seconds,Picoseconds,CentreFreq,Bandwidth,OffsetFreq,GainIF,GainRF,RefLevel
2.6.3,1024,1372096343,981570200000,2400000000,125000000.00,0.00,0.00,-30.00,33.00
4,-8
-8,4
4,4
-8,-8
-4,16
12,-8
0,-4
-24,-24
-16,32
4,-4
8,0
-8,-8
-20,0
20,12
20,-4
-16,20
12,8
-16,-12
-24,0
12,-8
8,16
8,12
-4,-4
-4,12
8,-16
4,12
-28,8
12,-8
0,8
-16,-4
8,8
-16,16
8,16
16,0
0,-8
-12,16
-32,20
12,20
4,8
8,-4
-8,20
4,8
-16,-16
0,-16
8,28
16,-8
0,-20
16,4
-12,-12
4,-28
32,8
8,16
0,-20
20,32
-4,4
24,16
20,-28
24,-16
4,0
0,4
8,0
40,-8
0,4
-8,12
4,12
-16,0
-24,-32
-16,8
20,-4
8,-20
20,28
4,4
0,-20
4,-24
-8,20
-12,-4
-16,-4
-12,8
-4,12
4,-8
12,4
8,12
32,-20
16,8
4,-12
12,-4
8,-4
-16,0
24,4
-4,-24
20,0
-8,24
-20,0
20,-12
-8,0
-12,16
-8,8
20,-12
0,12
8,-28
-8,0
4,-24
4,0
-20,-16
12,-8
8,4
-12,0
16,8
-4,-4
0,8
-8,-12
0,8
32,-16
0,28
-8,-12
-12,12
-4,-20
8,4
-4,4
0,8
-20,-4
0,12
4,40
8,-16
12,-4
-4,-4
-4,-8
0,4
0,24
8,20
0,-8
-4,24
-32,-20
24,8
12,-8
8,4
0,-4
8,20
0,-12
-20,0
20,-4
16,-8
-20,-16
4,0
-16,20
0,16
0,12
4,24
24,4
-8,-8
-8,8
-24,-8
8,0
8,4
8,-32
-16,-16
-8,20
12,-16
4,-12
-16,8
-8,-20
4,-4
-12,24
-16,0
12,36
24,0
12,-12
4,-8
16,0
-12,12
-24,-4
-8,4
4,-8
-8,12
20,20
-4,4
0,-20
12,-32
0,0
0,12
20,8
-12,16
-8,-12
8,-4
28,24
-8,0
-24,-8
0,-12
-12,12
8,-20
0,8
-4,-20
16,4
-4,12
0,-8
12,0
-16,28
8,-16
-8,4
0,8
16,-8
4,-24
4,0
20,-8
-20,20
8,-4
-8,8
-4,-12
-4,-16
16,-16
-12,16
-12,0
-4,-16
20,16
-12,-8
-4,12
-8,24
4,-4
20,-8
-12,0
0,4
-8,-12
-12,-8
8,4
24,-12
8,-8
8,28
-12,24
-20,-8
20,0
-8,-8
-8,-12
8,16
0,12
-4,-12
4,-24
-8,4
-8,-16
8,12
16,52
16,0
12,-20
-4,8
12,4
-32,4
0,8
24,20
-16,4
4,8
12,-24
-4,-4
-8,8
28,-4
24,0
4,4
24,0
-16,4
-4,20
8,-8
-12,4
-8,-8
20,8
8,12
8,-24
16,0
-8,-8
-16,8
12,-16
0,4
-8,-4
36,-8
20,16
0,-32
0,-8
4,36
24,4
12,16
8,0
24,4
-20,4
-16,-12
28,20
4,20
0,-8
12,8
16,20
0,0
48,-20
4,12
16,24
4,0
-4,8
32,-20
0,-40
16,4
-24,28
-16,-4
-20,-8
12,-12
8,0
8,-28
-20,20
4,12
4,-4
8,0
8,28
0,-20
-12,16
-20,-8
4,32
8,-16
-8,-8
-12,0
0,-32
12,0
8,-4
12,4
-12,12
24,-8
16,-16
28,-4
8,0
12,16
-12,-12
20,-4
4,12
16,4
4,-8
-4,36
16,-20
-16,-8
8,4
16,0
-24,8
-4,8
-4,8
16,0
4,0
0,-16
-12,-16
-4,-12
0,-4
12,0
0,-12
-20,24
-4,-12
-8,-4
0,20
12,4
12,-20
-4,0
-24,12
-8,-12
-20,-4
4,24
20,12
-16,16
4,32
8,16
-20,-24
8,-20
12,16
32,4
-20,-4
12,0
-4,4
8,-4
-16,-4
0,-12
-8,-16
12,0
-12,0
-8,4
-20,-8
-16,-20
24,40
24,8
4,-8
-12,-8
0,12
-12,4
-8,12
16,8
36,0
16,-16
4,8
4,16
12,28
12,-36
0,0
0,20
20,-36
-32,20
16,-28
-16,-4
20,20
-4,8
8,4
4,28
4,-4
-8,-8
28,16
16,-12
-16,24
20,8
-4,4
-4,-4
4,8
-4,0
-4,-8
4,16
-20,12
0,-20
-12,-12
-24,32
8,-4
-12,20
8,8
28,8
-8,-16
-16,28
12,8
-8,4
8,0
-4,12
-24,12
0,-12
0,0
12,16
4,-16
4,4
4,-12
-12,8
0,0
-4,0
8,-8
12,24
28,-16
-16,-4
8,8
12,-16
-24,-4
-12,0
-4,4
16,8
12,0
-8,8
12,8
-12,-24
16,-4
-8,8
-8,-4
16,4
-4,0
12,-4
-8,16
28,12
12,-4
36,-12
0,-12
4,4
0,8
-24,16
24,12
-16,24
8,0
12,-16
-28,8
16,-8
-4,4
-8,4
0,8
8,-4
8,8
8,-28
-4,8
12,-24
-8,-12
0,4
-4,-16
4,0
-28,20
-8,-12
4,0
12,-16
0,0
12,8
12,-8
32,28
-20,8
20,-8
-20,-8
8,-8
-4,8
-4,-20
16,12
0,-16
24,12
12,-16
-8,-20
-8,-8
12,-12
-8,-8
-4,-12
20,12
0,4
44,0
4,4
-20,8
8,4
4,0
-28,-16
-24,-12
-4,-20
16,32
-16,-12
-12,-20
20,0
24,-28
8,-16
8,28
4,-16
-12,-8
-8,-12
-8,-8
-4,24
24,12
8,-20
4,0
32,-8
-16,20
16,0
20,8
20,12
0,-8
-4,-4
0,28
12,8
4,-16
-8,-4
0,28
-4,0
8,-4
8,-28
0,-20
8,4
0,8
0,8
8,32
8,16
24,12
8,4
8,-8
4,4
4,4
-12,12
4,-4
-4,8
20,-16
-8,20
-8,-28
-4,-16
-16,20
-8,0
4,-20
8,0
8,20
-4,4
16,-8
8,12
28,8
-8,4
28,-16
4,-16
8,-8
-4,-12
-16,4
8,-4
-4,8
-24,28
0,20
-20,-28
16,4
4,-4
12,24
20,-4
16,-20
-20,12
20,-20
-4,12
20,-16
40,4
-4,-4
20,-12
12,28
-8,16
0,-4
0,12
-12,-16
24,-4
-8,20
-24,0
16,-4
-8,12
8,12
12,-20
-4,8
32,4
-4,0
4,16
4,-8
-24,12
-16,4
-12,-16
-24,-12
16,8
4,-12
-12,12
-16,-4
-4,4
-32,-8
-8,0
8,-4
0,4
-16,-4
4,-4
-20,24
4,-20
20,4
4,4
-16,16
-4,4
4,8
8,-20
-16,16
8,-24
12,32
-12,16
20,-8
-16,8
4,24
-4,20
-8,-4
4,0
16,16
-8,4
-4,12
-8,0
-4,-4
12,8
-4,-8
12,-4
16,8
-28,0
-8,4
-20,0
-4,16
12,16
4,-12
4,8
-4,8
-8,8
16,-8
0,-4
-8,20
28,12
4,8
24,32
-12,8
8,-4
12,-12
20,8
-8,4
20,28
-16,36
8,8
20,-4
12,-8
-12,12
8,-4
8,12
8,8
-8,-8
20,-20
4,-16
4,8
8,8
16,4
-8,-8
-20,4
0,8
16,-12
12,4
4,4
-4,8
8,-32
8,4
-8,20
-8,-12
-12,8
-8,32
0,-12
20,-4
12,0
-4,20
0,-16
-20,20
12,12
-16,-8
16,-4
-4,-16
20,-8
-36,-8
16,0
8,24
24,-4
4,-24
16,-12
-16,0
28,-4
-32,0
4,-24
-16,20
8,24
12,-4
0,8
16,16
-12,-16
24,20
4,20
0,8
16,-12
0,0
4,12
-24,8
0,8
-4,-16
8,12
-4,-20
12,-8
12,16
-4,-12
4,0
4,4
4,12
-4,24
4,8
16,12
-28,-4
20,4
24,-12
24,-12
-8,20
16,-8
4,-4
-4,24
-20,-16
36,20
-4,-4
8,-24
4,0
20,-20
0,-12
12,40
4,4
8,-16
-24,0
-8,-24
16,0
0,16
-4,4
12,12
8,20
20,-12
12,8
16,4
-4,4
16,-12
-24,8
0,8
-16,4
4,0
4,16
24,4
-4,20
-28,-4
-4,32
4,-4
-8,4
20,4
0,16
-16,8
12,12
-8,12
-8,-12
4,40
-4,12
-4,-4
-8,16
-4,-28
20,8
20,4
8,4
-12,8
-12,-12
16,-8
28,-8
-8,-8
8,4
-12,-8
-20,-4
24,36
8,0
-20,0
32,0
16,0
4,-8
-16,12
-8,-8
0,32
4,-12
-8,16
-4,0
-8,8
-8,0
0,-8
24,0
-4,24
12,-8
8,-12
4,0
20,12
-4,-16
0,0
24,0
-28,20
-4,-32
0,-12
8,4
0,4
-4,0
0,20
32,0
24,-20
8,8
0,-12
4,4
4,-8
16,-8
-4,-24
0,-28
12,36
-4,4
0,-8
12,36
16,-12
-20,0
0,-12
-4,16
24,-20
8,20
-28,-4
-12,12
-4,-12
-12,4
-24,4
-12,0
0,-16
12,4
12,24
4,8
-12,0
-4,4
20,-24
8,12
-20,28
0,16
24,4
12,8
-4,16
-8,8
8,-28
8,8
4,16
-4,-12
-4,-8
-12,-12
-36,-12
16,-16
-8,12
-4,12
0,-20
0,8
0,-12
28,0
12,4
8,32
8,16
-16,4
4,4
20,0
-24,-8
4,-12
8,-16
-4,16
8,-16
-4,0
-8,-20
-8,4
20,-12
0,8
0,-4
4,-12
-28,4
4,0
-12,20
16,-4
-28,4
8,16
12,-28
0,4
0,4
-4,-8
0,-20
-4,12
20,0
4,-20
-16,-8
12,8
-28,32
0,-20
-8,-4
-12,-16
-16,12
4,20
-12,-16
-12,16
20,8
-8,20
12,24
12,4
-12,-8
4,20
24,-32
0,12
16,0
-24,-28
8,0
4,-4
0,4
-4,12
-12,-4
-12,4
0,-12
24,0
-4,12
-16,0
-8,-4
4,4
8,0
-4,12
-12,28
-4,4
20,-20
0,8
12,-28
-4,12
4,16
12,40
-4,0
-8,-20
-16,8
8,36
20,-32
0,4
-4,-20
-4,16
28,32
-4,4
-16,-4
-12,0
-24,16
8,4
20,-20
0,-8
16,24
-4,-28
-8,0
12,-12
4,12
16,8
-8,-20
12,-8
-16,-4
16,-8
-12,-20
-12,28
20,-16
-8,12
4,-8
8,-4
16,12
-8,-8
-16,-12
-20,-8
-4,-20
0,-16
0,-12
32,-4
4,0
-8,-20
20,0
-36,0
12,8
-8,-12
4,-4
8,-24
32,8
-8,4
8,-24
4,12
8,36
20,-12
28,0
